0,DURAND
1,.
2,Bonsoir
3,à
4,tous
5,.
6,Bonsoir
7,.
8,Jospin
9,bonsoir
10,.
11,Bonsoir
12,.
13,DURAND
14,.
15,Alain
16,Duhamel
17,bonsoir
18,.
19,DUHAMEL
20,.
21,Bonsoir
22,.
23,DURAND
24,.
25,Dans
26,un
27,premier
28,temps
29,nous
30,allons
31,évidemment
32,établir
33,les
34,règles
35,du
36,jeu
37,qui
38,sont
39,extrêmement
40,simples
41,.
42,Vous
43,savez
44,que
45,plus
46,les
47,rendez-vous
48,sont
49,importants
50,plus
51,les
52,règles
53,sont
54,simples
55,.
56,Après
57,Alain
58,vous
59,expliquerez
60,un
61,peu
62,la
63,thématique
64,que
65,nous
66,avons
67,organisée
68,pour
69,une
70,meilleure
71,compréhension
72,de
73,ce
74,débat
75,.
76,DUHAMEL
77,.
78,Le
79,tirage
80,au
81,sort
82,a
83,désigné
84,pour
85,commencer
86,Jospin
87,.
88,Avant
89,de
90,vous
91,répondre
92,je
93,voudrais
94,d
95,abord
96,dire
97,que
98,je
99,suis
100,heureux
101,de
102,faire
103,ce
104,débat
105,.
106,Cela
107,n
108,a
109,pas
110,été
111,possible
112,au
113,premier
114,tour
115,nous
116,le
117,faisons
118,maintenant
119,c
120,est
121,bien
122,.
123,J
124,espère
125,que
126,cela
127,va
128,contribuer
129,à
130,éclairer
131,les
132,Français
133,dans
134,leur
135,choix
136,.
137,Je
138,n
139,ai
140,bien
141,sûr
142,aucun
143,antagonisme
144,à
145,l
146,égard
147,de
148,Jacques
149,Chirac
150,sauf
151,ce
152,qui
153,peut
154,nous
155,séparer
156,des
157,convictions
158,des
159,conceptions
160,ou
161,des
162,propositions
163,différentes
164,pour
165,les
166,Français
167,.
168,Alors
169,la
170,question
171,.
172,.
173,.
174,La
175,question
176,.
177,.
178,.
179,Il
180,y
181,a
182,un
183,vote
184,protestataire
185,parce
186,qu
187,il
188,y
189,a
190,de
191,quoi
192,protester
193,simplement
194,parce
195,que
196,la
197,société
198,dans
199,laquelle
200,nous
201,vivons
202,offre
203,un
204,paradoxe
205,nous
206,sommes
207,un
208,pays
209,riche
210,nous
211,sommes
212,la
213,ème
214,puissance
215,du
216,monde
217,une
218,France
219,moderne
220,qui
221,trouve
222,son
223,compte
224,dans
225,le
226,mouvement
227,en
228,avant
229,que
230,fait
231,notre
232,pays
233,et
234,une
235,autre
236,qui
237,a
238,pourtant
239,aussi
240,des
241,potentialités
242,de
243,l
244,énergie
245,du
246,talent
247,en
248,tous
249,cas
250,les
251,hommes
252,et
253,les
254,femmes
255,que
256,j
257,ai
258,rencontrés
259,sur
260,le
261,terrain
262,souffrent
263,ne
264,peuvent
265,pas
266,suivre
267,ne
268,sont
269,pas
270,mis
271,en
272,situation
273,de
274,suivre
275,.
276,Chirac
277,Pour
278,la
279,même
280,question
281,La
282,même
283,question
284,bien
285,sûr
286,.
287,Je
288,voudrais
289,d
290,abord
291,dire
292,à
293,Jospin
294,que
295,je
296,suis
297,dans
298,le
299,même
300,état
301,d
302,esprit
303,que
304,lui
305,naturellement
306,sur
307,l
308,intérêt
309,que
310,je
311,porte
312,à
313,ce
314,débat
315,et
316,le
317,respect
318,que
319,j
320,ai
321,pour
322,sa
323,personne
324,.
325,Est-ce
326,qu
327,on
328,peut
329,savoir
330,puisque
331,beaucoup
332,de
333,gens
334,ont
335,été
336,marqués
337,par
338,ce
339,qui
340,s
341,est
342,passé
343,hier
344,et
345,cela
346,fait
347,partie
348,aussi
349,de
350,cette
351,première
352,partie
353,ce
354,que
355,vous
356,pensez
357,l
358,un
359,et
360,l
361,autre
362,de
363,la
364,mort
365,du
366,jeune
367,homme
368,et
369,Du
370,jeune
371,Marocain
372,.
373,Du
374,jeune
375,Marocain
376,oui
377,.
378,.
379,.
380,Je
381,ne
382,dis
383,pas
384,l
385,interprétation
386,politique
387,que
388,vous
389,en
390,avez
391,mais
392,est-ce
393,que
394,cela
395,pose
396,un
397,problème
398,à
399,la
400,Démocratie
401,française
402,Ce
403,n
404,est
405,pas
406,l
407,assassinat
408,d
409,un
410,homme
411,qui
412,pose
413,en
414,soi
415,un
416,problème
417,à
418,la
419,Démocratie
420,française
421,.
422,Cela
423,blesse
424,nos
425,consciences
426,c
427,est
428,un
429,assassinat
430,contre
431,lequel
432,tout
433,le
434,monde
435,doit
436,se
437,dresser
438,et
439,protester
440,non
441,seulement
442,en
443,raison
444,de
445,la
446,violence
447,et
448,de
449,la
450,brutalité
451,bête
452,de
453,ceux
454,qui
455,perpètrent
456,ce
457,genre
458,d
459,assassinat
460,ou
461,de
462,meurtre
463,mais
464,aussi
465,parce
466,que
467,cela
468,se
469,situe
470,dans
471,un
472,contexte
473,où
474,l
475,on
476,entend
477,des
478,discours
479,des
480,discours
481,xénophobes
482,des
483,discours
484,d
485,hostilité
486,aux
487,étrangers
488,et
489,que
490,cela
491,crée
492,un
493,sentiment
494,plus
495,pénible
496,encore
497,.
498,Chirac
499,Sentiment
500,d
501,horreur
502,bien
503,entendu
504,et
505,désir
506,de
507,voir
508,la
509,police
510,puis
511,la
512,justice
513,faire
514,tout
515,leur
516,devoir
517,et
518,prendre
519,des
520,sanctions
521,exemplaires
522,contre
523,les
524,auteurs
525,de
526,cet
527,assassinat
528,.
529,On
530,en
531,arrive
532,maintenant
533,à
534,la
535,conception
536,que
537,vous
538,avez
539,l
540,un
541,et
542,l
543,autre
544,de
545,la
546,Présidence
547,de
548,la
549,République
550,.
551,Nous
552,avons
553,des
554,institutions
555,très
556,remarquables
557,de
558,mon
559,point
560,de
561,vue
562,.
563,Elles
564,nous
565,ont
566,été
567,données
568,par
569,le
570,Général
571,de
572,Gaulle
573,elles
574,ont
575,de
576,la
577,souplesse
578,et
579,de
580,l
581,efficacité
582,.
583,Mais
584,naturellement
585,les
586,textes
587,sont
588,les
589,textes
590,et
591,la
592,manière
593,de
594,les
595,interpréter
596,peut
597,varier
598,.
599,Et
600,nous
601,avons
602,assisté
603,au
604,fil
605,des
606,temps
607,à
608,une
609,dérive
610,monarchique
611,des
612,institutions
613,c
614,est-à-dire
615,que
616,de
617,plus
618,en
619,plus
620,le
621,Président
622,de
623,la
624,République
625,au
626,lieu
627,d
628,être
629,ce
630,qu
631,il
632,doit
633,être
634,c
635,est-à-dire
636,un
637,arbitre
638,l
639,homme
640,qui
641,est
642,le
643,porteur
644,d
645,une
646,vision
647,de
648,l
649,avenir
650,l
651,homme
652,qui
653,donne
654,l
655,impulsion
656,aux
657,choses
658,est
659,devenu
660,une
661,sorte
662,de
663,super
664,Premier
665,Ministre
666,assumant
667,l
668,ensemble
669,des
670,responsabilités
671,.
672,Jospin
673,à
674,la
675,fois
676,votre
677,réponse
678,à
679,Chirac
680,et
681,puis
682,vos
683,propres
684,thèses
685,.
686,Sur
687,quelques
688,points
689,à
690,condition
691,qu
692,on
693,voit
694,si
695,les
696,contenus
697,concrets
698,sont
699,les
700,mêmes
701,ce
702,qui
703,n
704,est
705,pas
706,tout
707,à
708,fait
709,sûr
710,je
711,peux
712,rejoindre
713,des
714,préoccupations
715,exprimées
716,par
717,Jacques
718,Chirac
719,ce
720,qui
721,n
722,est
723,pas
724,anormal
725,compte-tenu
726,d
727,un
728,certain
729,nombre
730,de
731,problèmes
732,qui
733,peuvent
734,se
735,poser
736,traditionnellement
737,à
738,un
739,Etat
740,.
741,Réponse
742,de
743,Jacques
744,Chirac
745,à
746,Lionel
747,Jospin
748,directement
749,.
750,Pour
751,le
752,train
753,de
754,vie
755,de
756,ma
757,campagne
758,Jospin
759,je
760,puis
761,vous
762,dire
763,que
764,conformément
765,à
766,la
767,loi
768,mes
769,comptes
770,sont
771,et
772,seront
773,publics
774,et
775,que
776,par
777,conséquent
778,le
779,Conseil
780,Constitutionnel
781,pourra
782,juger
783,de
784,même
785,qu
786,il
787,jugera
788,les
789,vôtres
790,.
791,Alors
792,n
793,accusez
794,pas
795,sans
796,savoir
797,ou
798,à
799,partir
800,de
801,on-dit
802,.
803,Me
804,semblait-t-il
805,et
806,même
807,plus
808,récemment
809,je
810,crois
811,.
812,Non
813,j
814,ai
815,toujours
816,dit
817,que
818,je
819,n
820,étais
821,pas
822,contre
823,le
824,fait
825,que
826,le
827,mandat
828,dure
829,ans
830,.
831,En
832,revanche
833,je
834,suis
835,contre
836,l
837,ouverture
838,de
839,ce
840,débat
841,aujourd
842,hui
843,pour
844,une
845,raison
846,simple
847,c
848,est
849,que
850,dans
851,tous
852,les
853,partis
854,politiques
855,il
856,y
857,a
858,d
859,éminents
860,juristes
861,qui
862,défendent
863,la
864,thèse
865,selon
866,laquelle
867,le
868,quinquennat
869,conduit
870,au
871,régime
872,présidentiel
873,et
874,d
875,autres
876,qui
877,prétendent
878,le
879,contraire
880,.
881,Nous
882,avons
883,en
884,France
885,une
886,espèce
887,de
888,génie
889,pour
890,nous
891,étriper
892,sur
893,les
894,questions
895,juridiques
896,.
897,Je
898,trouve
899,qu
900,il
901,y
902,a
903,aujourd
904,hui
905,suffisamment
906,de
907,problèmes
908,à
909,régler
910,un
911,nécessaire
912,effort
913,pour
914,tous
915,ensemble
916,régler
917,les
918,problèmes
919,qui
920,se
921,posent
922,sans
923,créer
924,des
925,débats
926,douteux
927,inutiles
928,et
929,sur
930,lesquels
931,nous
932,allons
933,nous
934,affronter
935,.
936,Proposée
937,par
938,nous
939,d
940,ailleurs
941,.
942,Oui
943,oui
944,.
945,On
946,ne
947,peut
948,plus
949,avoir
950,que
951,deux
952,mandats
953,.
954,Je
955,crois
956,que
957,c
958,est
959,une
960,solution
961,sage
962,.
963,J
964,ai
965,beaucoup
966,été
967,sur
968,le
969,terrain
970,vous
971,le
972,savez
973,depuis
974,des
975,années
976,et
977,des
978,années
979,notamment
980,depuis
981,deux
982,ans
983,où
984,je
985,me
986,suis
987,consacré
988,exclusivement
989,à
990,parcourir
991,nos
992,villes
993,nos
994,villages
995,nos
996,campagnes
997,etc
998,.
999,.
1000,.
1001,Et
1002,je
1003,m
1004,aperçois
1005,de
1006,la
1007,difficulté
1008,qu
1009,ont
1010,les
1011,hommes
1012,politiques
1013,à
1014,savoir
1015,ce
1016,qui
1017,se
1018,passe
1019,en
1020,réalité
1021,.
1022,Ils
1023,jugent
1024,au
1025,travers
1026,de
1027,rapports
1028,ils
1029,écoutent
1030,leurs
1031,experts
1032,et
1033,finalement
1034,ils
1035,sont
1036,complètement
1037,détachés
1038,de
1039,la
1040,réalité
1041,des
1042,choses
1043,.
1044,Et
1045,si
1046,on
1047,a
1048,fait
1049,tant
1050,de
1051,bêtises
1052,depuis
1053,un
1054,certain
1055,temps
1056,si
1057,l
1058,administration
1059,a
1060,pris
1061,un
1062,tel
1063,poids
1064,dans
1065,nos
1066,affaires
1067,c
1068,est
1069,précisément
1070,parce
1071,que
1072,les
1073,hommes
1074,politiques
1075,ont
1076,été
1077,trop
1078,coupés
1079,de
1080,leurs
1081,racines
1082,de
1083,la
1084,réalité
1085,quotidienne
1086,des
1087,choses
1088,.
1089,Vous
1090,faites
1091,ça
1092,Oui
1093,je
1094,fais
1095,ça
1096,j
1097,ai
1098,apporté
1099,une
1100,petite
1101,fiche
1102,parce
1103,que
1104,quand
1105,il
1106,y
1107,a
1108,des
1109,chiffres
1110,il
1111,faut
1112,essayer
1113,de
1114,s
1115,en
1116,souvenir
1117,.
1118,.
1119,.
1120,Mais
1121,il
1122,ressort
1123,des
1124,chiffres
1125,que
1126,j
1127,ai
1128,pris
1129,dans
1130,le
1131,Journal
1132,Officiel
1133,tout
1134,bêtement
1135,qu
1136,aussi
1137,bien
1138,en
1139,qu
1140,en
1141,on
1142,a
1143,fait
1144,une
1145,lessive
1146,il
1147,n
1148,y
1149,a
1150,pas
1151,d
1152,autres
1153,termes
1154,complète
1155,de
1156,tous
1157,les
1158,fonctionnaires
1159,qui
1160,n
1161,étaient
1162,pas
1163,strictement
1164,socialistes
1165,pour
1166,nommer
1167,quasiment
1168,exclusivement
1169,dans
1170,tous
1171,les
1172,postes
1173,importants
1174,des
1175,Socialistes
1176,.
1177,Si
1178,vous
1179,voulez
1180,qu
1181,on
1182,aille
1183,plus
1184,loin
1185,dans
1186,ce
1187,débat
1188,je
1189,veux
1190,bien
1191,sortir
1192,mes
1193,chiffres
1194,.
1195,.
1196,.
1197,Je
1198,ne
1199,le
1200,ferai
1201,pas
1202,mais
1203,il
1204,y
1205,a
1206,eu
1207,véritablement
1208,sous
1209,le
1210,pouvoir
1211,socialiste
1212,une
1213,mainmise
1214,socialiste
1215,sur
1216,l
1217,ensemble
1218,des
1219,postes
1220,de
1221,responsabilité
1222,de
1223,l
1224,Etat
1225,et
1226,des
1227,entreprises
1228,publiques
1229,.
1230,Justement
1231,Jospin
1232,vous
1233,répondez
1234,à
1235,Chirac
1236,en
1237,particulier
1238,sur
1239,cette
1240,question
1241,parce
1242,que
1243,vous
1244,en
1245,avez
1246,l
1247,un
1248,comme
1249,l
1250,autre
1251,beaucoup
1252,parlé
1253,pendant
1254,votre
1255,campagne
1256,de
1257,l
1258,Etat
1259,impartial
1260,.
1261,Oui
1262,mais
1263,je
1264,reviens
1265,un
1266,instant
1267,sur
1268,le
1269,quinquennat
1270,parce
1271,que
1272,je
1273,voudrais
1274,dire
1275,que
1276,si
1277,je
1278,suis
1279,élu
1280,Président
1281,de
1282,la
1283,République
1284,si
1285,les
1286,Français
1287,me
1288,font
1289,confiance
1290,le
1291,débat
1292,aura
1293,lieu
1294,car
1295,je
1296,soumettrai
1297,cette
1298,proposition
1299,par
1300,référendum
1301,.
1302,On
1303,ne
1304,peut
1305,pas
1306,en
1307,rester
1308,au
1309,discours
1310,que
1311,vous
1312,avez
1313,repris
1314,avec
1315,non
1316,pas
1317,habileté
1318,mais
1319,avec
1320,la
1321,façon
1322,dont
1323,on
1324,procède
1325,dans
1326,ce
1327,genre
1328,de
1329,situation
1330,et
1331,qui
1332,consiste
1333,à
1334,dire
1335,Je
1336,ne
1337,suis
1338,pas
1339,contre
1340,un
1341,débat
1342,.
1343,Mais
1344,à
1345,chaque
1346,fois
1347,qu
1348,un
1349,Président
1350,nouveau
1351,arrive
1352,cette
1353,question
1354,qui
1355,est
1356,pendante
1357,pour
1358,laquelle
1359,on
1360,a
1361,un
1362,texte
1363,qui
1364,existe
1365,et
1366,qui
1367,a
1368,été
1369,voté
1370,dans
1371,les
1372,mêmes
1373,termes
1374,par
1375,les
1376,deux
1377,assemblées
1378,qui
1379,a
1380,été
1381,proposé
1382,il
1383,y
1384,a
1385,maintenant
1386,deux
1387,décennies
1388,et
1389,non
1390,pas
1391,deux
1392,décades
1393,par
1394,quelqu
1395,un
1396,qui
1397,fut
1398,votre
1399,mentor
1400,en
1401,tous
1402,cas
1403,un
1404,homme
1405,que
1406,vous
1407,avez
1408,beaucoup
1409,connu
1410,et
1411,respecté
1412,Georges
1413,Pompidou
1414,cette
1415,question
1416,revient
1417,.
1418,Si
1419,vous
1420,insistez
1421,.
1422,je
1423,peux
1424,vous
1425,les
1426,donner
1427,.
1428,absolument
1429,.
1430,.
1431,.
1432,Et
1433,que
1434,vous
1435,voyez
1436,maintenant
1437,en
1438,un
1439,an
1440,ce
1441,sont
1442,la
1443,moitié
1444,des
1445,Recteurs
1446,qui
1447,ont
1448,été
1449,changés
1450,et
1451,la
1452,quasi
1453,totalité
1454,des
1455,Directeurs
1456,d
1457,administration
1458,centrale
1459,dans
1460,le
1461,ministère
1462,de
1463,l
1464,Éducation
1465,Nationale
1466,.
1467,Moi
1468,j
1469,ai
1470,continué
1471,à
1472,travailler
1473,avec
1474,les
1475,Directeurs
1476,et
1477,avec
1478,la
1479,plupart
1480,des
1481,Recteurs
1482,qui
1483,étaient
1484,hérités
1485,si
1486,j
1487,ose
1488,dire
1489,au
1490,sens
1491,républicain
1492,du
1493,terme
1494,de
1495,Monory
1496,et
1497,lorsqu
1498,ils
1499,sont
1500,partis
1501,c
1502,est
1503,qu
1504,ils
1505,l
1506,ont
1507,souhaité
1508,;
1509,généralement
1510,ils
1511,ont
1512,eu
1513,un
1514,autre
1515,poste
1516,.
1517,Jospin
1518,je
1519,voudrais
1520,d
1521,abord
1522,vous
1523,dire
1524,que
1525,j
1526,ai
1527,pris
1528,tout
1529,simplement
1530,je
1531,ne
1532,tenais
1533,pas
1534,sortir
1535,des
1536,chiffres
1537,mais
1538,enfin
1539,ils
1540,méritent
1541,de
1542,l
1543,être
1544,compte-tenu
1545,de
1546,ce
1547,que
1548,vous
1549,dites
1550,le
1551,Journal
1552,Officiel
1553,.
1554,Je
1555,m
1556,aperçois
1557,que
1558,sur
1559,Recteurs
1560,d
1561,académie
1562,vous
1563,en
1564,avez
1565,remercié
1566,qu
1567,au
1568,ministère
1569,de
1570,l
1571,Éducation
1572,Nationale
1573,sur
1574,les
1575,Directeurs
1576,vous
1577,en
1578,avez
1579,remplacé
1580,et
1581,que
1582,ont
1583,été
1584,obligés
1585,de
1586,démissionner
1587,dans
1588,les
1589,mois
1590,suivants
1591,;
1592,il
1593,en
1594,est
1595,resté
1596,.
1597,Pour
1598,ce
1599,qui
1600,concerne
1601,la
1602,Rue
1603,Duthot
1604,c
1605,est-à-dire
1606,le
1607,ministère
1608,de
1609,l
1610,Enseignement
1611,Supérieur
1612,en
1613,un
1614,an
1615,tous
1616,les
1617,Directeurs
1618,ont
1619,été
1620,changés
1621,.
1622,Passons
1623,sur
1624,ces
1625,excès
1626,.
1627,.
1628,.
1629,Ces
1630,affirmations
1631,sont
1632,purement
1633,fantaisistes
1634,.
1635,Je
1636,suis
1637,tout
1638,à
1639,fait
1640,certain
1641,que
1642,demain
1643,les
1644,journalistes
1645,auront
1646,à
1647,coeur
1648,d
1649,examiner
1650,les
1651,chiffres
1652,et
1653,de
1654,dire
1655,qui
1656,a
1657,raison
1658,.
1659,Chirac
1660,c
1661,est
1662,un
1663,argument
1664,habile
1665,mais
1666,peu
1667,convaincant
1668,parce
1669,que
1670,comme
1671,nous
1672,parlons
1673,des
1674,problèmes
1675,institutionnels
1676,et
1677,des
1678,problèmes
1679,politiques
1680,je
1681,parle
1682,des
1683,problèmes
1684,institutionnels
1685,et
1686,des
1687,problèmes
1688,politiques
1689,.
1690,L
1691,argument
1692,sur
1693,le
1694,mal
1695,vivre
1696,relève
1697,honnêtement
1698,de
1699,la
1700,démagogie
1701,parce
1702,que
1703,nous
1704,en
1705,parlerons
1706,quand
1707,nous
1708,aborderons
1709,les
1710,problèmes
1711,de
1712,l
1713,emploi
1714,les
1715,problèmes
1716,du
1717,chômage
1718,les
1719,problèmes
1720,de
1721,l
1722,exclusion
1723,les
1724,problèmes
1725,des
1726,inégalités
1727,.
1728,Donc
1729,si
1730,on
1731,a
1732,une
1733,discussion
1734,spécifique
1735,je
1736,ne
1737,pense
1738,pas
1739,non
1740,plus
1741,que
1742,les
1743,paysans
1744,que
1745,vous
1746,avez
1747,rencontrés
1748,ou
1749,les
1750,commerçants
1751,vous
1752,aient
1753,interrogé
1754,sur
1755,le
1756,cumul
1757,des
1758,mandats
1759,ou
1760,les
1761,nominations
1762,en
1763,Conseil
1764,des
1765,Ministres
1766,.
1767,Si
1768,souvent
1769,.
1770,Alors
1771,je
1772,suis
1773,sûr
1774,qu
1775,ils
1776,sont
1777,de
1778,mon
1779,avis
1780,ceux-là
1781,;
1782,si
1783,vous
1784,leur
1785,parlez
1786,du
1787,cumul
1788,des
1789,mandats
1790,cela
1791,m
1792,étonnerait
1793,qu
1794,ils
1795,vous
1796,aient
1797,dit
1798,qu
1799,il
1800,fallait
1801,les
1802,augmenter
1803,.
1804,.
1805,.
1806,Ces
1807,problèmes
1808,des
1809,Français
1810,on
1811,va
1812,évidemment
1813,y
1814,arriver
1815,.
1816,.
1817,.
1818,J
1819,ai
1820,encore
1821,une
1822,question
1823,à
1824,poser
1825,cette
1826,réforme
1827,sur
1828,le
1829,quinquennat
1830,c
1831,est
1832,une
1833,réforme
1834,constitutionnelle
1835,.
1836,J
1837,ai
1838,cru
1839,comprendre
1840,mais
1841,peut-être
1842,me
1843,suis-je
1844,trompé
1845,que
1846,vous
1847,vouliez
1848,la
1849,faire
1850,par
1851,voie
1852,de
1853,référendum
1854,.
1855,Vous
1856,le
1857,feriez
1858,quand
1859,ce
1860,référendum
1861,Parce
1862,que
1863,si
1864,vous
1865,êtes
1866,élu
1867,c
1868,est
1869,aussi
1870,des
1871,institutions
1872,mais
1873,au
1874,sens
1875,tout
1876,à
1877,fait
1878,pratique
1879,des
1880,choses
1881,Président
1882,de
1883,la
1884,République
1885,vous
1886,allez
1887,dissoudre
1888,l
1889,Assemblée
1890,vous
1891,n
1892,allez
1893,pas
1894,garder
1895,l
1896,Assemblée
1897,telle
1898,qu
1899,elle
1900,est
1901,naturellement
1902,.
1903,Même
1904,à
1905,vous
1906,cela
1907,vous
1908,apparaît
1909,logique
1910,.
1911,.
1912,.
1913,Oui
1914,dans
1915,ce
1916,cas
1917,oui
1918,;
1919,c
1920,est
1921,même
1922,fait
1923,pour
1924,cela
1925,la
1926,dissolution
1927,pour
1928,régler
1929,ce
1930,type
1931,de
1932,problème
1933,.
1934,Vous
1935,allez
1936,dissoudre
1937,et
1938,on
1939,va
1940,engager
1941,une
1942,campagne
1943,électorale
1944,législative
1945,.
1946,Il
1947,y
1948,aura
1949,des
1950,élections
1951,législatives
1952,.
1953,Si
1954,l
1955,on
1956,examine
1957,la
1958,situation
1959,politique
1960,telle
1961,que
1962,les
1963,experts
1964,de
1965,tous
1966,bords
1967,l
1968,analysent
1969,il
1970,y
1971,a
1972,tout
1973,lieu
1974,de
1975,penser
1976,que
1977,nous
1978,nous
1979,trouverons
1980,dans
1981,une
1982,période
1983,de
1984,cohabitation
1985,.
1986,Je
1987,ne
1988,le
1989,pense
1990,pas
1991,.
1992,Que
1993,vous
1994,ne
1995,le
1996,pensiez
1997,pas
1998,.
1999,.
2000,.
2001,Je
2002,vous
2003,dis
2004,un
2005,instant
2006,si
2007,vous
2008,m
2009,y
2010,autorisez
2011,mon
2012,raisonnement
2013,.
2014,Tout
2015,ce
2016,que
2017,vous
2018,voulez
2019,.
2020,Ou
2021,les
2022,Français
2023,ne
2024,voteront
2025,pas
2026,pour
2027,moi
2028,en
2029,tous
2030,cas
2031,ne
2032,m
2033,éliront
2034,pas
2035,Président
2036,de
2037,la
2038,République
2039,auquel
2040,cas
2041,cette
2042,question
2043,n
2044,a
2045,pas
2046,lieu
2047,d
2048,être
2049,posée
2050,s
2051,ils
2052,vous
2053,choisissent
2054,.
2055,C
2056,est
2057,exact
2058,.
2059,Ou
2060,bien
2061,les
2062,Français
2063,me
2064,choisiront
2065,et
2066,m
2067,éliront
2068,dimanche
2069,prochain
2070,Président
2071,de
2072,la
2073,République
2074,à
2075,ce
2076,moment-là
2077,je
2078,pense
2079,que
2080,derrière
2081,ils
2082,me
2083,donneront
2084,une
2085,majorité
2086,de
2087,quoi
2088,agir
2089,.
2090,Dans
2091,une
2092,élection
2093,législative
2094,Chirac
2095,je
2096,ne
2097,peux
2098,vous
2099,le
2100,garantir
2101,car
2102,dans
2103,les
2104,deux
2105,cas
2106,les
2107,Français
2108,restent
2109,maîtres
2110,mais
2111,c
2112,est
2113,la
2114,logique
2115,même
2116,des
2117,processus
2118,démocratiques
2119,.
2120,C
2121,est
2122,je
2123,le
2124,crains
2125,prendre
2126,un
2127,peu
2128,ses
2129,désirs
2130,pour
2131,des
2132,réalités
2133,.
2134,La
2135,France
2136,étant
2137,ce
2138,qu
2139,elle
2140,est
2141,aujourd
2142,hui
2143,la
2144,loi
2145,électorale
2146,étant
2147,ce
2148,qu
2149,elle
2150,est
2151,également
2152,on
2153,aurait
2154,pu
2155,dire
2156,un
2157,mot
2158,de
2159,la
2160,loi
2161,électorale
2162,.
2163,.
2164,.
2165,Mais
2166,je
2167,vous
2168,en
2169,prie
2170,Chirac
2171,vous
2172,pouvez
2173,.
2174,.
2175,.
2176,.
2177,.
2178,.
2179,Il
2180,me
2181,parait
2182,bien
2183,peu
2184,probable
2185,qu
2186,il
2187,y
2188,ait
2189,une
2190,majorité
2191,à
2192,nouveau
2193,socialiste
2194,à
2195,l
2196,Assemblée
2197,Nationale
2198,.
2199,Donc
2200,la
2201,probabilité
2202,.
2203,.
2204,.
2205,Je
2206,n
2207,ai
2208,pas
2209,dit
2210,socialiste
2211,.
2212,Enfin
2213,socialiste
2214,et
2215,communiste
2216,naturellement
2217,.
2218,Les
2219,forces
2220,de
2221,progrès
2222,.
2223,Ne
2224,dites
2225,pas
2226,toujours
2227,chaque
2228,fois
2229,qu
2230,on
2231,prononce
2232,le
2233,mot
2234,communiste
2235,forces
2236,de
2237,progrès
2238,parce
2239,que
2240,le
2241,communisme
2242,force
2243,de
2244,progrès
2245,je
2246,trouve
2247,que
2248,c
2249,est
2250,un
2251,peu
2252,excessif
2253,comme
2254,appréciation
2255,mais
2256,peu
2257,importe
2258,.
2259,Vous
2260,avez
2261,le
2262,droit
2263,de
2264,faire
2265,ce
2266,raisonnement
2267,Chirac
2268,.
2269,et
2270,vous
2271,avez
2272,même
2273,le
2274,droit
2275,de
2276,peser
2277,sur
2278,la
2279,volonté
2280,des
2281,Français
2282,ce
2283,n
2284,est
2285,pas
2286,illégitime
2287,mais
2288,vous
2289,ne
2290,pouvez
2291,pas
2292,exclure
2293,le
2294,fait
2295,que
2296,les
2297,Français
2298,souhaitent
2299,m
2300,élire
2301,Président
2302,de
2303,la
2304,République
2305,.
2306,Je
2307,ne
2308,l
2309,exclus
2310,pas
2311,.
2312,Vous
2313,avez
2314,passé
2315,le
2316,premier
2317,tour
2318,vous-même
2319,et
2320,Balladur
2321,à
2322,m
2323,ignorer
2324,et
2325,vous
2326,le
2327,prenez
2328,non
2329,pas
2330,vous
2331,ce
2332,soir
2333,jusqu
2334,à
2335,maintenant
2336,mais
2337,certains
2338,de
2339,vos
2340,lieutenants
2341,Juppé
2342,et
2343,Séguin
2344,que
2345,j
2346,ai
2347,connus
2348,parfois
2349,mieux
2350,inspirés
2351,et
2352,plus
2353,agréables
2354,le
2355,prennent
2356,maintenant
2357,de
2358,haut
2359,à
2360,mon
2361,égard
2362,.
2363,Je
2364,peux
2365,vous
2366,dire
2367,que
2368,c
2369,est
2370,un
2371,choix
2372,qu
2373,ils
2374,peuvent
2375,faire
2376,;
2377,ils
2378,ont
2379,déjà
2380,créé
2381,une
2382,surprise
2383,au
2384,premier
2385,tour
2386,ils
2387,ont
2388,choisi
2389,de
2390,me
2391,mettre
2392,en
2393,tête
2394,.
2395,Et
2396,s
2397,ils
2398,font
2399,ce
2400,choix
2401,ils
2402,le
2403,feront
2404,en
2405,dépit
2406,des
2407,inconvénients
2408,que
2409,vous
2410,présentez
2411,.
2412,Chirac
2413,vous
2414,lui
2415,répondez
2416,si
2417,vous
2418,le
2419,désirez
2420,et
2421,ensuite
2422,Guillaume
2423,vous
2424,fait
2425,passer
2426,l
2427,un
2428,comme
2429,l
2430,autre
2431,au
2432,deuxième
2433,grand
2434,thème
2435,sur
2436,les
2437,questions
2438,sociales
2439,et
2440,les
2441,choix
2442,économiques
2443,.
2444,Je
2445,dirai
2446,simplement
2447,une
2448,chose
2449,pour
2450,conclure
2451,sur
2452,ce
2453,problème
2454,institutionnel
2455,.
2456,C
2457,est
2458,important
2459,et
2460,les
2461,Français
2462,n
2463,ont
2464,pas
2465,toujours
2466,tout
2467,à
2468,fait
2469,conscience
2470,de
2471,ce
2472,que
2473,représente
2474,la
2475,Constitution
2476,mais
2477,c
2478,est
2479,l
2480,art
2481,et
2482,la
2483,manière
2484,de
2485,gouverner
2486,.
2487,Je
2488,crois
2489,qu
2490,une
2491,modification
2492,constitutionnelle
2493,aujourd
2494,hui
2495,serait
2496,dangereuse
2497,et
2498,je
2499,ne
2500,la
2501,recommande
2502,pas
2503,.
2504,Je
2505,crois
2506,en
2507,revanche
2508,qu
2509,on
2510,doit
2511,gouverner
2512,les
2513,Français
2514,avec
2515,une
2516,beaucoup
2517,plus
2518,grande
2519,proximité
2520,ce
2521,qui
2522,suppose
2523,que
2524,ceux
2525,qui
2526,les
2527,représentent
2528,et
2529,d
2530,abord
2531,le
2532,Président
2533,de
2534,la
2535,République
2536,restent
2537,à
2538,l
2539,affût
2540,de
2541,tout
2542,ce
2543,qui
2544,vient
2545,des
2546,Françaises
2547,et
2548,des
2549,Français
2550,qui
2551,chaque
2552,jour
2553,sont
2554,confrontés
2555,à
2556,des
2557,difficultés
2558,et
2559,ne
2560,comprennent
2561,pas
2562,pourquoi
2563,on
2564,les
2565,ignore
2566,.
2567,Et
2568,j
2569,en
2570,reviens
2571,au
2572,vote
2573,de
2574,protestation
2575,dont
2576,on
2577,parlait
2578,tout
2579,à
2580,l
2581,heure
2582,.
2583,Sur
2584,les
2585,questions
2586,sociales
2587,et
2588,économiques
2589,on
2590,ne
2591,va
2592,pas
2593,vous
2594,abreuver
2595,de
2596,chiffres
2597,.
2598,Tout
2599,le
2600,monde
2601,connaît
2602,le
2603,chiffre
2604,du
2605,chômage
2606,en
2607,France
2608,.
2609,.
2610,chômeurs
2611,plus
2612,millions
2613,de
2614,gens
2615,qui
2616,vivent
2617,dans
2618,des
2619,conditions
2620,très
2621,difficiles
2622,c
2623,est-à-dire
2624,plus
2625,de
2626,millions
2627,de
2628,Français
2629,.
2630,Beaucoup
2631,de
2632,questions
2633,concrètes
2634,messieurs
2635,se
2636,posent
2637,.
2638,Beaucoup
2639,de
2640,gens
2641,se
2642,demandent
2643,comment
2644,concrètement
2645,si
2646,vous
2647,êtes
2648,élu
2649,l
2650,un
2651,ou
2652,l
2653,autre
2654,Président
2655,de
2656,la
2657,République
2658,vous
2659,allez
2660,relancer
2661,l
2662,embauche
2663,comment
2664,concrètement
2665,vous
2666,allez
2667,pouvoir
2668,créer
2669,ou
2670,faire
2671,naître
2672,des
2673,emplois
2674,suivant
2675,quel
2676,calendrier
2677,avec
2678,quels
2679,objectifs
2680,et
2681,avec
2682,quels
2683,moyens
2684,.
2685,Je
2686,pense
2687,que
2688,s
2689,agissant
2690,de
2691,la
2692,politique
2693,de
2694,l
2695,emploi
2696,elle
2697,a
2698,été
2699,depuis
2700,toujours
2701,considérée
2702,en
2703,réalité
2704,comme
2705,devant
2706,régler
2707,un
2708,problème
2709,qui
2710,s
2711,imposait
2712,compte-tenu
2713,de
2714,l
2715,évolution
2716,de
2717,la
2718,productivité
2719,des
2720,techniques
2721,etc
2722,.
2723,.
2724,.
2725,L
2726,emploi
2727,n
2728,a
2729,jamais
2730,été
2731,au
2732,coeur
2733,des
2734,préoccupations
2735,des
2736,dirigeants
2737,et
2738,le
2739,résultat
2740,c
2741,est
2742,que
2743,nous
2744,sommes
2745,dans
2746,la
2747,situation
2748,que
2749,nous
2750,voyons
2751,aujourd
2752,hui
2753,.
2754,J
2755,ai
2756,fait
2757,progresser
2758,le
2759,débat
2760,.
2761,.
2762,.
2763,Je
2764,le
2765,dis
2766,depuis
2767,longtemps
2768,.
2769,.
2770,.
2771,Mais
2772,aussi
2773,le
2774,temps
2775,partiel
2776,le
2777,temps
2778,choisi
2779,etc
2780,.
2781,.
2782,.
2783,C
2784,est
2785,le
2786,statut
2787,des
2788,travailleurs
2789,indépendants
2790,c
2791,est
2792,un
2793,certain
2794,nombre
2795,de
2796,choses
2797,.
2798,Jospin
2799,.
2800,Simplement
2801,d
2802,un
2803,mot
2804,parce
2805,que
2806,je
2807,n
2808,avais
2809,pas
2810,conclu
2811,tout
2812,à
2813,l
2814,heure
2815,sur
2816,l
2817,autre
2818,thème
2819,.
2820,J
2821,ai
2822,mal
2823,compris
2824,la
2825,logique
2826,qui
2827,conduisait
2828,Jacques
2829,Chirac
2830,à
2831,dire
2832,qu
2833,il
2834,était
2835,pour
2836,le
2837,changement
2838,alors
2839,que
2840,sur
2841,les
2842,problèmes
2843,dont
2844,nous
2845,avons
2846,débattu
2847,le
2848,premier
2849,thème
2850,c
2851,est
2852,moi
2853,qui
2854,proposais
2855,de
2856,changer
2857,on
2858,l
2859,a
2860,vu
2861,concrètement
2862,une
2863,série
2864,de
2865,choses
2866,et
2867,lui
2868,qui
2869,proposait
2870,de
2871,garder
2872,les
2873,choses
2874,à
2875,l
2876,identique
2877,.
2878,Et
2879,donc
2880,pour
2881,commencer
2882,le
2883,chômage
2884,.
2885,Et
2886,donc
2887,pour
2888,commencer
2889,les
2890,problèmes
2891,économiques
2892,sociaux
2893,et
2894,en
2895,particulier
2896,le
2897,chômage
2898,.
2899,Je
2900,reconnais
2901,pour
2902,moi-même
2903,et
2904,pour
2905,l
2906,action
2907,qui
2908,a
2909,été
2910,menée
2911,que
2912,le
2913,chômage
2914,a
2915,progressé
2916,à
2917,la
2918,fois
2919,sous
2920,la
2921,Droite
2922,et
2923,sous
2924,la
2925,Gauche
2926,et
2927,que
2928,notre
2929,performance
2930,à
2931,nous
2932,ne
2933,peut
2934,pas
2935,être
2936,tenue
2937,comme
2938,satisfaisante
2939,.
2940,Je
2941,le
2942,dis
2943,je
2944,le
2945,reconnais
2946,très
2947,clairement
2948,.
2949,Chirac
2950,et
2951,Jospin
2952,vous
2953,avez
2954,l
2955,un
2956,comme
2957,l
2958,autre
2959,exposé
2960,les
2961,principes
2962,de
2963,vos
2964,objectifs
2965,dans
2966,ce
2967,domaine
2968,qui
2969,est
2970,évidemment
2971,au
2972,coeur
2973,du
2974,débat
2975,de
2976,ce
2977,soir
2978,.
2979,Peut-être
2980,maintenant
2981,pouvez-vous
2982,préciser
2983,les
2984,mesures
2985,auxquelles
2986,vous
2987,pensiez
2988,et
2989,ce
2990,que
2991,vous
2992,pensez
2993,de
2994,celles
2995,de
2996,votre
2997,adversaire
2998,ou
2999,de
3000,votre
3001,compétiteur
3002,Jospin
3003,vous
3004,articulez
3005,votre
3006,projet
3007,sous
3008,quatre
3009,rubriques
3010,et
3011,vous
3012,faites
3013,une
3014,observation
3015,sur
3016,le
3017,mien
3018,.
3019,.
3020,.
3021,.
3022,Bien
3023,sûr
3024,C
3025,est
3026,d
3027,ailleurs
3028,ce
3029,qui
3030,justifie
3031,que
3032,je
3033,rétablisse
3034,en
3035,direction
3036,des
3037,sociétés
3038,.
3039,Je
3040,ne
3041,charge
3042,pas
3043,la
3044,barque
3045,je
3046,rééquilibre
3047,.
3048,Ce
3049,n
3050,est
3051,pas
3052,le
3053,problème
3054,.
3055,Je
3056,réponds
3057,à
3058,votre
3059,préoccupation
3060,.
3061,Ce
3062,n
3063,est
3064,pas
3065,le
3066,problème
3067,Jospin
3068,.
3069,.
3070,.
3071,.
3072,.
3073,Non
3074,.
3075,Étude
3076,de
3077,la
3078,Banque
3079,de
3080,France
3081,.
3082,Non
3083,c
3084,est
3085,tout
3086,à
3087,fait
3088,contesté
3089,par
3090,la
3091,plupart
3092,des
3093,experts
3094,.
3095,.
3096,.
3097,.
3098,.
3099,.
3100,Reprise
3101,par
3102,un
3103,de
3104,vos
3105,amis
3106,.
3107,On
3108,a
3109,dit
3110,.
3111,Je
3112,ne
3113,suis
3114,même
3115,pas
3116,sûr
3117,que
3118,ce
3119,soit
3120,vrai
3121,.
3122,.
3123,.
3124,.
3125,Sans
3126,Smic
3127,Jeunes
3128,donc
3129,J
3130,ai
3131,toujours
3132,été
3133,contre
3134,le
3135,Smic
3136,Jeunes
3137,.
3138,Ah
3139,Oui
3140,toujours
3141,.
3142,C
3143,était
3144,pourtant
3145,dans
3146,la
3147,loi
3148,Giraud
3149,.
3150,Non
3151,.
3152,Enfin
3153,j
3154,ai
3155,toujours
3156,été
3157,contre
3158,.
3159,.
3160,.
3161,.
3162,.
3163,.
3164,Même
3165,quand
3166,vous
3167,avez
3168,voté
3169,pour
3170,le
3171,plan
3172,Giraud
3173,à
3174,l
3175,Assemblée
3176,nationale
3177,dans
3178,lequel
3179,.
3180,.
3181,.
3182,.
3183,.
3184,.
3185,Ce
3186,n
3187,était
3188,pas
3189,dans
3190,la
3191,loi
3192,Giraud
3193,.
3194,.
3195,.
3196,.
3197,.
3198,.
3199,Absolument
3200,.
3201,Je
3202,demande
3203,qu
3204,on
3205,vérifie
3206,.
3207,C
3208,était
3209,une
3210,disposition
3211,Jospin
3212,qui
3213,a
3214,été
3215,prise
3216,par
3217,voie
3218,réglementaire
3219,et
3220,qui
3221,d
3222,ailleurs
3223,a
3224,été
3225,retirée
3226,par
3227,le
3228,Gouvernement
3229,et
3230,à
3231,laquelle
3232,j
3233,étais
3234,hostile
3235,.
3236,Je
3237,crois
3238,savoir
3239,qu
3240,un
3241,certain
3242,nombre
3243,d
3244,hommes
3245,politiques
3246,y
3247,étaient
3248,hostiles
3249,et
3250,que
3251,c
3252,est
3253,là
3254,un
3255,incident
3256,dû
3257,au
3258,mauvais
3259,fonctionnement
3260,de
3261,l
3262,Administration
3263,ou
3264,de
3265,la
3266,techno-structure
3267,peu
3268,importe
3269,.
3270,.
3271,.
3272,C
3273,est
3274,ainsi
3275,que
3276,je
3277,l
3278,ai
3279,appelé
3280,.
3281,Qui
3282,était
3283,un
3284,contrat
3285,de
3286,six
3287,mois
3288,temporaire
3289,qui
3290,n
3291,était
3292,pas
3293,un
3294,véritable
3295,contrat
3296,de
3297,travail
3298,.
3299,Le
3300,contrat
3301,initiative
3302,emploi
3303,est
3304,un
3305,contrat
3306,à
3307,durée
3308,indéterminée
3309,ou
3310,au
3311,minimum
3312,un
3313,contrat
3314,de
3315,deux
3316,ans
3317,.
3318,C
3319,est
3320,un
3321,vrai
3322,contrat
3323,de
3324,travail
3325,.
3326,Avant
3327,que
3328,l
3329,on
3330,n
3331,aborde
3332,les
3333,questions
3334,salariales
3335,les
3336,pensions
3337,les
3338,retraites
3339,les
3340,questions
3341,agricoles
3342,la
3343,réponse
3344,de
3345,Lionel
3346,Jospin
3347,.
3348,Et
3349,Alain
3350,reviendra
3351,directement
3352,sur
3353,les
3354,salaires
3355,question
3356,qui
3357,intéresse
3358,oh
3359,combien
3360,les
3361,Français
3362,.
3363,Répondons
3364,à
3365,Jacques
3366,Chirac
3367,sur
3368,les
3369,points
3370,qu
3371,il
3372,a
3373,évoqués
3374,parce
3375,que
3376,je
3377,crois
3378,qu
3379,il
3380,est
3381,normal
3382,de
3383,ne
3384,laisser
3385,aucune
3386,question
3387,dans
3388,l
3389,obscurité
3390,et
3391,puis
3392,je
3393,crois
3394,qu
3395,il
3396,est
3397,normal
3398,aussi
3399,de
3400,répondre
3401,aux
3402,interpellations
3403,remarques
3404,qui
3405,sont
3406,faites
3407,.
3408,C
3409,est
3410,la
3411,nature
3412,de
3413,ce
3414,débat
3415,.
3416,Oui
3417,oui
3418,vous
3419,êtes
3420,là
3421,pour
3422,ça
3423,.
3424,Pour
3425,vous
3426,répondre
3427,et
3428,pour
3429,clarifier
3430,.
3431,Alors
3432,allez-y
3433,PME-PMI
3434,Les
3435,PME
3436,et
3437,PMI
3438,en
3439,France
3440,créent
3441,plus
3442,de
3443,la
3444,moitié
3445,des
3446,emplois
3447,donc
3448,c
3449,est
3450,un
3451,secteur
3452,extrêmement
3453,important
3454,.
3455,II
3456,y
3457,en
3458,a
3459,beaucoup
3460,dans
3461,la
3462,région
3463,où
3464,je
3465,suis
3466,élu
3467,très
3468,dynamiques
3469,et
3470,vous
3471,pensez
3472,bien
3473,que
3474,je
3475,m
3476,en
3477,préoccupe
3478,.
3479,Je
3480,m
3481,en
3482,préoccupe
3483,tellement
3484,que
3485,alors
3486,que
3487,vous
3488,vous
3489,préconisez
3490,et
3491,c
3492,est
3493,votre
3494,droit
3495,un
3496,allègement
3497,sur
3498,l
3499,ensemble
3500,des
3501,droits
3502,de
3503,succession
3504,moi
3505,je
3506,propose
3507,simplement
3508,qu
3509,on
3510,le
3511,fasse
3512,pour
3513,la
3514,transmission
3515,en
3516,direction
3517,des
3518,petites
3519,et
3520,moyennes
3521,entreprises
3522,de
3523,la
3524,succession
3525,parce
3526,qu
3527,on
3528,sait
3529,que
3530,c
3531,est
3532,une
3533,cause
3534,de
3535,mortalité
3536,des
3537,entreprises
3538,sans
3539,raison
3540,économique
3541,.
3542,Et
3543,je
3544,le
3545,fais
3546,en
3547,ciblant
3548,particulièrement
3549,les
3550,PMI
3551,et
3552,les
3553,PME
3554,.
3555,Lionel
3556,Jospin
3557,permettez-moi
3558,de
3559,vous
3560,dire
3561,que
3562,je
3563,n
3564,ai
3565,jamais
3566,rien
3567,dit
3568,d
3569,autre
3570,.
3571,Les
3572,grosses
3573,successions
3574,ne
3575,vous
3576,font
3577,pas
3578,peur
3579,.
3580,Je
3581,n
3582,ai
3583,jamais
3584,parlé
3585,de
3586,cela
3587,.
3588,Vous
3589,avez
3590,parlé
3591,de
3592,l
3593,ensemble
3594,des
3595,successions
3596,me
3597,semble-t-il
3598,.
3599,Vous
3600,avez
3601,aujourd
3602,hui
3603,en
3604,gros
3605,emplois
3606,qui
3607,sont
3608,détruits
3609,par
3610,l
3611,impôt
3612,sur
3613,les
3614,successions
3615,compte
3616,tenu
3617,du
3618,niveau
3619,auquel
3620,pour
3621,des
3622,raisons
3623,idéologiques
3624,.
3625,.
3626,.
3627,.
3628,.
3629,.
3630,Nous
3631,disons
3632,la
3633,même
3634,chose
3635,là
3636,Jacques
3637,Chirac
3638,.
3639,.
3640,.
3641,.
3642,les
3643,socialistes
3644,l
3645,ont
3646,porté
3647,.
3648,emplois
3649,cela
3650,fait
3651,en
3652,gros
3653,milliards
3654,par
3655,an
3656,de
3657,poids
3658,pour
3659,la
3660,Société
3661,.
3662,Sur
3663,ce
3664,point
3665,nous
3666,disons
3667,la
3668,même
3669,chose
3670,.
3671,Je
3672,parlais
3673,des
3674,autres
3675,successions
3676,les
3677,grosses
3678,successions
3679,que
3680,vous
3681,proposez
3682,d
3683,alléger
3684,aussi
3685,.
3686,Et
3687,comment
3688,Je
3689,l
3690,ai
3691,dit
3692,par
3693,la
3694,sélectivité
3695,du
3696,crédit
3697,.
3698,Qu
3699,est-ce
3700,que
3701,cela
3702,veut
3703,dire
3704,concrètement
3705,Cela
3706,veut
3707,dire
3708,des
3709,crédits
3710,moins
3711,chers
3712,pour
3713,certains
3714,types
3715,d
3716,entreprises
3717,.
3718,Donc
3719,une
3720,bonification
3721,d
3722,intérêt
3723,.
3724,.
3725,Par
3726,exemple
3727,oui
3728,.
3729,A
3730,la
3731,charge
3732,de
3733,l
3734,Etat
3735,Vous
3736,avez
3737,tout
3738,à
3739,l
3740,heure
3741,regretté
3742,qu
3743,il
3744,y
3745,ait
3746,une
3747,différence
3748,de
3749,deux
3750,points
3751,entre
3752,le
3753,taux
3754,du
3755,crédit
3756,pour
3757,les
3758,petites
3759,entreprises
3760,et
3761,pour
3762,les
3763,grandes
3764,entreprises
3765,.
3766,J
3767,essaie
3768,d
3769,y
3770,répondre
3771,.
3772,Si
3773,cela
3774,ne
3775,vous
3776,convient
3777,pas
3778,je
3779,le
3780,regrette
3781,Et
3782,je
3783,continue
3784,d
3785,essayer
3786,de
3787,vous
3788,répondre
3789,par
3790,ailleurs
3791,.
3792,Nous
3793,aurons
3794,l
3795,occasion
3796,d
3797,y
3798,revenir
3799,à
3800,propos
3801,du
3802,logement
3803,social
3804,pour
3805,l
3806,un
3807,d
3808,entre-eux
3809,.
3810,Je
3811,n
3812,ai
3813,pas
3814,été
3815,cela
3816,n
3817,étonnera
3818,pas
3819,convaincu
3820,par
3821,Jospin
3822,.
3823,D
3824,abord
3825,lorsque
3826,je
3827,vous
3828,disais
3829,quand
3830,on
3831,passe
3832,de
3833,à
3834,heures
3835,et
3836,que
3837,je
3838,disais
3839,qu
3840,il
3841,y
3842,avait
3843,dans
3844,les
3845,entreprises
3846,des
3847,marges
3848,de
3849,productivité
3850,inemployées
3851,je
3852,ne
3853,parlais
3854,pas
3855,des
3856,gains
3857,de
3858,productivité
3859,.
3860,Pour
3861,l
3862,ensemble
3863,pour
3864,presque
3865,toutes
3866,les
3867,entreprises
3868,cette
3869,démarche
3870,ne
3871,produira
3872,pas
3873,en
3874,réalité
3875,d
3876,emplois
3877,mais
3878,en
3879,revanche
3880,elle
3881,coûtera
3882,cher
3883,.
3884,Elle
3885,coûtera
3886,cher
3887,je
3888,l
3889,ai
3890,dit
3891,à
3892,l
3893,Etat
3894,par
3895,la
3896,Fonction
3897,publique
3898,milliards
3899,.
3900,Et
3901,elle
3902,coûtera
3903,cher
3904,aussi
3905,à
3906,l
3907,ensemble
3908,des
3909,petites
3910,et
3911,moyennes
3912,entreprises
3913,celles
3914,qu
3915,il
3916,faudrait
3917,encourager
3918,.
3919,C
3920,est
3921,pourquoi
3922,cela
3923,m
3924,inquiète
3925,beaucoup
3926,.
3927,Car
3928,quand
3929,vous
3930,ajoutez
3931,à
3932,cela
3933,les
3934,impôts
3935,vous
3936,voulez
3937,créer
3938,l
3939,augmentation
3940,de
3941,l
3942,impôt
3943,sur
3944,les
3945,sociétés
3946,les
3947,taxes
3948,écologiques
3949,cela
3950,a
3951,pour
3952,résultat
3953,une
3954,fois
3955,encore
3956,de
3957,tirer
3958,tout
3959,vers
3960,le
3961,bas
3962,.
3963,.
3964,.
3965,.
3966,C
3967,est
3968,la
3969,métallurgie
3970,Chirac
3971,.
3972,Ce
3973,n
3974,est
3975,pas
3976,la
3977,sidérurgie
3978,c
3979,est
3980,la
3981,métallurgie
3982,.
3983,Oui
3984,à
3985,hauts
3986,gains
3987,de
3988,productivité
3989,à
3990,très
3991,hauts
3992,gains
3993,de
3994,productivité
3995,et
3996,donc
3997,un
3998,secteur
3999,tout
4000,à
4001,fait
4002,particulier
4003,où
4004,une
4005,telle
4006,mesure
4007,peut
4008,effectivement
4009,être
4010,utilisée
4011,.
4012,Chirac
4013,en
4014,ce
4015,qui
4016,concerne
4017,les
4018,salaires
4019,qu
4020,est-il
4021,possible
4022,de
4023,faire
4024,et
4025,compatible
4026,avec
4027,votre
4028,système
4029,en
4030,matière
4031,de
4032,salaires
4033,et
4034,de
4035,pensions
4036,Parce
4037,que
4038,salaires
4039,pensions
4040,retraites
4041,en
4042,substance
4043,bien
4044,sûr
4045,.
4046,En
4047,ce
4048,qui
4049,concerne
4050,les
4051,salaires
4052,et
4053,contre
4054,l
4055,avis
4056,d
4057,un
4058,certain
4059,nombre
4060,des
4061,conseillers
4062,éminents
4063,de
4064,Jospin
4065,comme
4066,Minc
4067,Delors
4068,aussi
4069,d
4070,ailleurs
4071,si
4072,j
4073,en
4074,crois
4075,ses
4076,dernières
4077,déclarations
4078,.
4079,.
4080,.
4081,.
4082,.
4083,.
4084,Minc
4085,a
4086,été
4087,plus
4088,longtemps
4089,conseiller
4090,de
4091,Balladur
4092,qui
4093,est
4094,plus
4095,proche
4096,de
4097,vous
4098,encore
4099,qu
4100,on
4101,ne
4102,sait
4103,pas
4104,très
4105,bien
4106,.
4107,.
4108,.
4109,il
4110,a
4111,annoncé
4112,qu
4113,il
4114,votait
4115,pour
4116,moi
4117,.
4118,II
4119,est
4120,libre
4121,comme
4122,citoyen
4123,.
4124,Oh
4125,certes
4126,Mais
4127,il
4128,n
4129,est
4130,pas
4131,du
4132,tout
4133,mon
4134,conseiller
4135,.
4136,Je
4137,vous
4138,le
4139,laisse
4140,.
4141,En
4142,ce
4143,qui
4144,concerne
4145,les
4146,salaires
4147,les
4148,pensions
4149,et
4150,les
4151,retraites
4152,En
4153,ce
4154,qui
4155,concerne
4156,les
4157,salaires
4158,d
4159,abord
4160,il
4161,y
4162,a
4163,nécessité
4164,de
4165,les
4166,augmenter
4167,dans
4168,le
4169,principe
4170,.
4171,J
4172,ai
4173,expliqué
4174,tout
4175,à
4176,l
4177,heure
4178,le
4179,phénomène
4180,qui
4181,sous
4182,les
4183,deux
4184,septennats
4185,socialistes
4186,il
4187,faut
4188,bien
4189,le
4190,dire
4191,avait
4192,réduit
4193,la
4194,part
4195,des
4196,salaires
4197,dans
4198,la
4199,richesse
4200,nationale
4201,et
4202,tout
4203,ce
4204,que
4205,cela
4206,avait
4207,provoqué
4208,comme
4209,perturbation
4210,.
4211,II
4212,faut
4213,donc
4214,les
4215,augmenter
4216,.
4217,Puis-je
4218,vous
4219,demander
4220,quels
4221,impôts
4222,Parce
4223,qu
4224,on
4225,n
4226,a
4227,entendu
4228,jusqu
4229,ici
4230,que
4231,vos
4232,lieutenants
4233,.
4234,Quels
4235,impôts
4236,en
4237,définitive
4238,augmentez-vous
4239,Parce
4240,que
4241,dans
4242,un
4243,premier
4244,temps
4245,vous
4246,avez
4247,dit
4248,que
4249,vous
4250,vouliez
4251,diminuer
4252,le
4253,salaire
4254,indirect
4255,ce
4256,qui
4257,comporte
4258,les
4259,charges
4260,sociales
4261,celles-ci
4262,servant
4263,au
4264,financement
4265,de
4266,la
4267,protection
4268,sociale
4269,et
4270,vous
4271,avez
4272,dit
4273,pendant
4274,un
4275,temps
4276,que
4277,ce
4278,financement
4279,de
4280,la
4281,protection
4282,sociale
4283,ne
4284,posait
4285,pas
4286,de
4287,problème
4288,qu
4289,il
4290,n
4291,y
4292,avait
4293,pas
4294,besoin
4295,de
4296,maîtriser
4297,les
4298,dépenses
4299,de
4300,santé
4301,qu
4302,il
4303,n
4304,y
4305,avait
4306,pas
4307,besoin
4308,de
4309,ressources
4310,supplémentaires
4311,.
4312,Et
4313,puis
4314,vous
4315,avez
4316,bougé
4317,semble-t-il
4318,dans
4319,le
4320,cours
4321,de
4322,la
4323,campagne
4324,et
4325,vous
4326,avez
4327,laissé
4328,évoquer
4329,deux
4330,hypothèses
4331,différentes
4332,en
4333,ce
4334,qui
4335,concerne
4336,l
4337,augmentation
4338,d
4339,impôts
4340,parlant
4341,soit
4342,de
4343,CSG
4344,soit
4345,de
4346,TVA
4347,.
4348,A
4349,quel
4350,choix
4351,vous
4352,arrêtez-vous
4353,Je
4354,crois
4355,que
4356,vous
4357,m
4358,avez
4359,mal
4360,entendu
4361,ou
4362,mal
4363,compris
4364,.
4365,C
4366,est
4367,possible
4368,parce
4369,que
4370,nous
4371,étions
4372,tous
4373,les
4374,deux
4375,sur
4376,le
4377,terrain
4378,.
4379,.
4380,.
4381,.
4382,.
4383,.
4384,Voilà
4385,.
4386,Et
4387,nous
4388,ne
4389,nous
4390,entendions
4391,pas
4392,toujours
4393,au
4394,moment
4395,où
4396,nous
4397,parlions
4398,.
4399,Alors
4400,précisez
4401,simplement
4402,les
4403,choses
4404,.
4405,Nous
4406,avons
4407,d
4408,abord
4409,un
4410,problème
4411,qui
4412,est
4413,celui
4414,de
4415,l
4416,endettement
4417,.
4418,II
4419,faut
4420,le
4421,régler
4422,parce
4423,que
4424,cela
4425,nous
4426,coûte
4427,très
4428,cher
4429,chaque
4430,année
4431,.
4432,Pour
4433,cela
4434,il
4435,faut
4436,poursuivre
4437,les
4438,privatisations
4439,j
4440,observe
4441,que
4442,comme
4443,vous
4444,refusez
4445,de
4446,les
4447,poursuivre
4448,et
4449,que
4450,vous
4451,restez
4452,dans
4453,la
4454,politique
4455,du
4456,ni-ni
4457,vous
4458,vous
4459,privez
4460,de
4461,milliards
4462,par
4463,an
4464,de
4465,privatisations
4466,il
4467,faut
4468,donc
4469,poursuivre
4470,les
4471,privatisations
4472,et
4473,affecter
4474,leurs
4475,produits
4476,au
4477,désendettement
4478,.
4479,Très
4480,important
4481,effectivement
4482,.
4483,milliards
4484,environ
4485,.
4486,Creusé
4487,par
4488,le
4489,Gouvernement
4490,actuel
4491,.
4492,Creusé
4493,à
4494,un
4495,rythme
4496,beaucoup
4497,plus
4498,rapide
4499,que
4500,celui
4501,que
4502,nous
4503,avions
4504,fait
4505,sur
4506,ans
4507,.
4508,C
4509,est
4510,tout
4511,ce
4512,que
4513,je
4514,veux
4515,dire
4516,.
4517,Mais
4518,nous
4519,avions
4520,connu
4521,aussi
4522,des
4523,problèmes
4524,d
4525,équilibre
4526,mais
4527,pas
4528,avec
4529,cette
4530,ampleur
4531,.
4532,Si
4533,vous
4534,êtes
4535,d
4536,accord
4537,l
4538,un
4539,et
4540,l
4541,autre
4542,en
4543,ce
4544,qui
4545,concerne
4546,le
4547,financement
4548,de
4549,la
4550,protection
4551,sociale
4552,on
4553,en
4554,reparlera
4555,dans
4556,le
4557,troisième
4558,thème
4559,c
4560,est-à-dire
4561,très
4562,vite
4563,maintenant
4564,compte
4565,tenu
4566,du
4567,temps
4568,de
4569,parole
4570,.
4571,Jospin
4572,lorsque
4573,vous
4574,avez
4575,quitté
4576,le
4577,Gouvernement
4578,en
4579,le
4580,déficit
4581,de
4582,la
4583,Sécurité
4584,sociale
4585,.
4586,.
4587,.
4588,.
4589,.
4590,Je
4591,l
4592,ai
4593,quitté
4594,en
4595,personnellement
4596,.
4597,CHIRAC
4598,.
4599,.
4600,Oui
4601,mais
4602,enfin
4603,vous
4604,assumez
4605,je
4606,suppose
4607,jusqu
4608,en
4609,.
4610,Le
4611,déficit
4612,était
4613,de
4614,plus
4615,de
4616,milliards
4617,.
4618,Mais
4619,enfin
4620,il
4621,est
4622,de
4623,milliards
4624,.
4625,Bien
4626,.
4627,milliards
4628,de
4629,dettes
4630,ayant
4631,été
4632,transférés
4633,sur
4634,le
4635,Budget
4636,de
4637,l
4638,Etat
4639,.
4640,.
4641,.
4642,.
4643,.
4644,.
4645,C
4646,est
4647,vrai
4648,.
4649,Eh
4650,bien
4651,on
4652,sera
4653,obligés
4654,de
4655,faire
4656,la
4657,même
4658,chose
4659,.
4660,A
4661,mon
4662,avis
4663,si
4664,on
4665,ne
4666,fait
4667,pas
4668,une
4669,reprise
4670,de
4671,dettes
4672,on
4673,ne
4674,s
4675,en
4676,sortira
4677,pas
4678,sur
4679,le
4680,plan
4681,de
4682,l
4683,équilibre
4684,de
4685,la
4686,Sécurité
4687,sociale
4688,.
4689,Cela
4690,ne
4691,va
4692,pas
4693,alléger
4694,la
4695,dette
4696,.
4697,Faut-il
4698,par
4699,ailleurs
4700,qu
4701,il
4702,y
4703,ait
4704,provisoirement
4705,création
4706,d
4707,un
4708,impôt
4709,nouveau
4710,Je
4711,ne
4712,suis
4713,pas
4714,en
4715,mesure
4716,de
4717,le
4718,dire
4719,.
4720,Mais
4721,si
4722,tel
4723,devait
4724,être
4725,le
4726,cas
4727,compte
4728,tenu
4729,des
4730,déséquilibres
4731,puisque
4732,vous
4733,me
4734,posez
4735,la
4736,question
4737,TVA
4738,ou
4739,CSG
4740,Je
4741,serais
4742,plutôt
4743,a
4744,priori
4745,favorable
4746,à
4747,la
4748,TVA
4749,provisoire
4750,.
4751,Jospin
4752,vous
4753,avez
4754,là
4755,pour
4756,le
4757,coup
4758,un
4759,peu
4760,de
4761,temps
4762,de
4763,parole
4764,d
4765,avance
4766,ou
4767,de
4768,retard
4769,comme
4770,on
4771,veut
4772,.
4773,Nous
4774,aimerions
4775,bien
4776,que
4777,vous
4778,répondiez
4779,notamment
4780,aussi
4781,en
4782,ce
4783,qui
4784,concerne
4785,la
4786,fiscalité
4787,bien
4788,sûr
4789,mais
4790,également
4791,les
4792,salaires
4793,les
4794,pensions
4795,les
4796,retraites
4797,.
4798,Sujet
4799,auquel
4800,les
4801,Français
4802,qui
4803,nous
4804,écoutent
4805,sont
4806,certainement
4807,eux
4808,aussi
4809,très
4810,attentifs
4811,et
4812,sur
4813,lequel
4814,il
4815,sera
4816,intéressant
4817,de
4818,vous
4819,entendre
4820,.
4821,Effectivement
4822,je
4823,n
4824,ai
4825,pas
4826,l
4827,intention
4828,de
4829,poursuivre
4830,le
4831,programme
4832,de
4833,privatisations
4834,conduit
4835,par
4836,Balladur
4837,et
4838,Chirac
4839,comme
4840,d
4841,ailleurs
4842,un
4843,programme
4844,avait
4845,été
4846,conduit
4847,entre
4848,et
4849,.
4850,J
4851,ai
4852,l
4853,intention
4854,au
4855,contraire
4856,je
4857,le
4858,dis
4859,très
4860,nettement
4861,devant
4862,tous
4863,ceux
4864,qui
4865,nous
4866,entendent
4867,de
4868,préserver
4869,les
4870,Services
4871,publics
4872,français
4873,et
4874,je
4875,dirais
4876,même
4877,non
4878,seulement
4879,de
4880,les
4881,préserver
4882,à
4883,l
4884,échelle
4885,nationale
4886,mais
4887,de
4888,les
4889,préserver
4890,contre
4891,certaines
4892,offensives
4893,de
4894,la
4895,Communauté
4896,Economique
4897,et
4898,Européenne
4899,ou
4900,de
4901,l
4902,Union
4903,européenne
4904,.
4905,Permettez
4906,Jospin
4907,juste
4908,un
4909,mot
4910,pour
4911,vous
4912,dire
4913,que
4914,je
4915,partage
4916,entièrement
4917,votre
4918,sentiment
4919,.
4920,Nous
4921,n
4922,avons
4923,pas
4924,sur
4925,ce
4926,point
4927,une
4928,conception
4929,différente
4930,.
4931,Je
4932,n
4933,ai
4934,jamais
4935,imaginé
4936,qu
4937,on
4938,allait
4939,privatiser
4940,la
4941,Poste
4942,je
4943,suis
4944,aussi
4945,pour
4946,la
4947,préservation
4948,des
4949,Services
4950,publics
4951,notamment
4952,vis-à-vis
4953,de
4954,quelques
4955,.
4956,.
4957,.
4958,.
4959,.
4960,.
4961,Vous
4962,êtes
4963,tout
4964,de
4965,même
4966,pour
4967,la
4968,privatisation
4969,de
4970,l
4971,Aérospatiale
4972,.
4973,Cela
4974,n
4975,a
4976,rien
4977,à
4978,voir
4979,avec
4980,un
4981,Service
4982,public
4983,.
4984,Enfin
4985,c
4986,est
4987,une
4988,entreprise
4989,publique
4990,.
4991,Mais
4992,cela
4993,n
4994,a
4995,rien
4996,à
4997,voir
4998,.
4999,Précisons-le
5000,c
5001,est
5002,une
5003,entreprise
5004,publique
5005,.
5006,Alors
5007,je
5008,dis
5009,Service
5010,public
5011,et
5012,entreprises
5013,publiques
5014,.
5015,Le
5016,Service
5017,public
5018,est
5019,quelque
5020,chose
5021,que
5022,nous
5023,devrons
5024,préserver
5025,et
5026,préserver
5027,notamment
5028,vis-à-vis
5029,de
5030,Bruxelles
5031,compte
5032,tenu
5033,de
5034,ce
5035,qui
5036,a
5037,été
5038,lancé
5039,en
5040,particulier
5041,par
5042,Delors
5043,.
5044,Je
5045,parle
5046,du
5047,Service
5048,public
5049,et
5050,de
5051,très
5052,grandes
5053,entreprises
5054,publiques
5055,nationales
5056,qui
5057,ont
5058,souvent
5059,une
5060,vocation
5061,de
5062,Service
5063,public
5064,.
5065,Quand
5066,on
5067,voit
5068,Air
5069,Inter
5070,et
5071,qu
5072,on
5073,parle
5074,de
5075,la
5076,concurrence
5077,avec
5078,un
5079,certain
5080,nombre
5081,d
5082,entreprises
5083,britanniques
5084,par
5085,exemple
5086,qui
5087,veulent
5088,avoir
5089,les
5090,lignes
5091,les
5092,plus
5093,juteuses
5094,d
5095,Air
5096,Inter
5097,mais
5098,qui
5099,n
5100,ont
5101,pas
5102,à
5103,assumer
5104,la
5105,desserte
5106,d
5107,un
5108,certain
5109,nombre
5110,de
5111,villes
5112,moyennes
5113,que
5114,vous
5115,pouvez
5116,connaître
5117,comme
5118,moi
5119,et
5120,sur
5121,lesquelles
5122,la
5123,rentabilité
5124,n
5125,est
5126,pas
5127,la
5128,même
5129,c
5130,est
5131,une
5132,Entreprise
5133,publique
5134,de
5135,transport
5136,concurrentiel
5137,effectivement
5138,immergée
5139,dans
5140,une
5141,réalité
5142,concurrentielle
5143,mais
5144,qui
5145,en
5146,même
5147,temps
5148,a
5149,une
5150,vocation
5151,de
5152,Service
5153,public
5154,.
5155,.
5156,.
5157,.
5158,Les
5159,salaires
5160,.
5161,Cela
5162,a
5163,l
5164,air
5165,d
5166,être
5167,une
5168,obsession
5169,mais
5170,cela
5171,concerne
5172,énormément
5173,de
5174,gens
5175,.
5176,On
5177,voudrait
5178,vous
5179,entendre
5180,sur
5181,les
5182,salaires
5183,les
5184,retraites
5185,et
5186,les
5187,pensions
5188,.
5189,II
5190,faudrait
5191,que
5192,vous
5193,répondiez
5194,précisément
5195,là-dessus
5196,si
5197,vous
5198,en
5199,êtes
5200,d
5201,accord
5202,et
5203,puis
5204,ensuite
5205,nous
5206,passerons
5207,au
5208,troisième
5209,thème
5210,.
5211,J
5212,en
5213,suis
5214,naturellement
5215,d
5216,accord
5217,et
5218,d
5219,autant
5220,qu
5221,il
5222,me
5223,semble
5224,avoir
5225,été
5226,un
5227,des
5228,premiers
5229,je
5230,dis
5231,le
5232,premier
5233,mais
5234,nous
5235,sommes
5236,un
5237,peu
5238,en
5239,compétition
5240,Jacques
5241,Chirac
5242,et
5243,moi-même
5244,sur
5245,ce
5246,point
5247,le
5248,thème
5249,des
5250,salaires
5251,dans
5252,la
5253,campagne
5254,électorale
5255,.
5256,Encore
5257,que
5258,j
5259,ai
5260,vu
5261,que
5262,au
5263,fur
5264,et
5265,à
5266,mesure
5267,que
5268,la
5269,campagne
5270,avançait
5271,je
5272,me
5273,souviens
5274,d
5275,un
5276,petit
5277,article
5278,de
5279,Juppé
5280,vous
5281,êtes
5282,devenu
5283,beaucoup
5284,plus
5285,prudent
5286,sur
5287,cette
5288,question
5289,et
5290,vous
5291,n
5292,êtes
5293,apparemment
5294,dans
5295,ce
5296,deuxième
5297,tour
5298,pas
5299,tout
5300,à
5301,fait
5302,en
5303,cohérence
5304,avec
5305,votre
5306,position
5307,du
5308,premier
5309,.
5310,Chirac
5311,et
5312,Jospin
5313,vous
5314,avez
5315,non
5316,seulement
5317,épuisé
5318,mais
5319,même
5320,légèrement
5321,dépassé
5322,votre
5323,temps
5324,de
5325,parole
5326,sur
5327,ce
5328,second
5329,thème
5330,.
5331,Un
5332,mot
5333,Duhamel
5334,sur
5335,les
5336,retraites
5337,pour
5338,qu
5339,il
5340,n
5341,y
5342,ait
5343,pas
5344,d
5345,ambiguïtés
5346,Un
5347,mot
5348,chacun
5349,.
5350,Je
5351,voudrais
5352,d
5353,abord
5354,dire
5355,que
5356,je
5357,suis
5358,contrairement
5359,à
5360,ce
5361,que
5362,j
5363,ai
5364,entendu
5365,ici
5366,ou
5367,là
5368,quelqu
5369,un
5370,de
5371,profondément
5372,attaché
5373,à
5374,la
5375,retraite
5376,par
5377,répartition
5378,.
5379,Jamais
5380,je
5381,ne
5382,l
5383,ai
5384,mise
5385,en
5386,cause
5387,aussi
5388,bien
5389,pour
5390,le
5391,régime
5392,de
5393,base
5394,que
5395,pour
5396,le
5397,régime
5398,complémentaire
5399,.
5400,En
5401,revanche
5402,je
5403,propose
5404,un
5405,régime
5406,sur-complémentaire
5407,ouvert
5408,à
5409,tous
5410,géré
5411,avec
5412,les
5413,partenaires
5414,sociaux
5415,qui
5416,permet
5417,d
5418,améliorer
5419,les
5420,choses
5421,pour
5422,ceux
5423,qui
5424,le
5425,veulent
5426,.
5427,.
5428,.
5429,.
5430,Le
5431,Gouvernement
5432,Bérégovoy
5433,l
5434,avait
5435,proposée
5436,vous
5437,le
5438,savez
5439,et
5440,cette
5441,idée
5442,a
5443,été
5444,tuée
5445,.
5446,.
5447,.
5448,enfin
5449,le
5450,mot
5451,est
5452,trop
5453,fort
5454,.
5455,.
5456,.
5457,a
5458,été
5459,abandonnée
5460,par
5461,le
5462,Gouvernement
5463,Balladur
5464,qui
5465,est
5466,le
5467,Gouvernement
5468,que
5469,vous
5470,souteniez
5471,.
5472,Je
5473,le
5474,déplore
5475,et
5476,je
5477,dis
5478,qu
5479,elle
5480,est
5481,indispensable
5482,.
5483,Je
5484,le
5485,déplore
5486,doublement
5487,.
5488,Oui
5489,mais
5490,comme
5491,vous
5492,n
5493,en
5494,parliez
5495,pas
5496,je
5497,voulais
5498,être
5499,bien
5500,sûr
5501,que
5502,vous
5503,étiez
5504,d
5505,accord
5506,pour
5507,la
5508,faire
5509,.
5510,Terminez
5511,Chirac
5512,.
5513,C
5514,est
5515,dans
5516,mon
5517,programme
5518,et
5519,dans
5520,mes
5521,propositions
5522,depuis
5523,le
5524,départ
5525,.
5526,Et
5527,enfin
5528,il
5529,faut
5530,que
5531,au
5532,Comité
5533,Economique
5534,et
5535,Social
5536,dans
5537,les
5538,comités
5539,économiques
5540,et
5541,sociaux
5542,régionaux
5543,dans
5544,la
5545,plupart
5546,des
5547,Institutions
5548,où
5549,l
5550,on
5551,parle
5552,de
5553,ces
5554,problèmes
5555,les
5556,grandes
5557,associations
5558,de
5559,retraités
5560,soient
5561,représentées
5562,ès-qualité
5563,.
5564,D
5565,un
5566,mot
5567,tout
5568,de
5569,même
5570,je
5571,ne
5572,suis
5573,pas
5574,favorable
5575,à
5576,ce
5577,système
5578,des
5579,fonds
5580,de
5581,pensions
5582,parce
5583,que
5584,cela
5585,n
5586,a
5587,rien
5588,de
5589,mutualiste
5590,et
5591,c
5592,est
5593,l
5594,introduction
5595,malgré
5596,le
5597,discours
5598,de
5599,Jacques
5600,Chirac
5601,du
5602,système
5603,d
5604,assurances
5605,privées
5606,dans
5607,le
5608,système
5609,de
5610,répartition
5611,.
5612,Non
5613,.
5614,Je
5615,le
5616,pense
5617,profondément
5618,.
5619,Je
5620,le
5621,marque
5622,comme
5623,une
5624,différence
5625,.
5626,Très
5627,bien
5628,.
5629,On
5630,passe
5631,maintenant
5632,si
5633,vous
5634,en
5635,êtes
5636,d
5637,accord
5638,au
5639,troisième
5640,thème
5641,qui
5642,concerne
5643,les
5644,questions
5645,de
5646,Société
5647,les
5648,grands
5649,dossiers
5650,de
5651,Société
5652,.
5653,On
5654,va
5655,commencer
5656,si
5657,vous
5658,en
5659,êtes
5660,d
5661,accord
5662,par
5663,les
5664,questions
5665,parce
5666,qu
5667,elles
5668,sont
5669,extrêmement
5670,liées
5671,de
5672,ce
5673,qui
5674,touche
5675,aux
5676,problèmes
5677,des
5678,banlieues
5679,en
5680,difficulté
5681,de
5682,l
5683,exclusion
5684,sociale
5685,c
5686,est
5687,malheureusement
5688,souvent
5689,très
5690,lié
5691,et
5692,du
5693,logement
5694,social
5695,qui
5696,en
5697,est
5698,une
5699,des
5700,réponses
5701,.
5702,Oui
5703,mais
5704,sur
5705,quoi
5706,Vous
5707,prenez
5708,un
5709,des
5710,angles
5711,.
5712,Celui
5713,sur
5714,lequel
5715,vous
5716,avez
5717,envie
5718,de
5719,commencer
5720,.
5721,L
5722,exclusion
5723,le
5724,logement
5725,social
5726,les
5727,banlieues
5728,en
5729,difficulté
5730,.
5731,Essayons
5732,de
5733,poser
5734,le
5735,problème
5736,un
5737,peu
5738,plus
5739,largement
5740,avant
5741,de
5742,venir
5743,par
5744,exemple
5745,sur
5746,le
5747,logement
5748,social
5749,puisque
5750,vous
5751,savez
5752,que
5753,c
5754,est
5755,vraiment
5756,une
5757,des
5758,priorités
5759,de
5760,mes
5761,propositions
5762,.
5763,Et
5764,que
5765,cela
5766,vous
5767,intéresse
5768,beaucoup
5769,tous
5770,les
5771,deux
5772,.
5773,Comme
5774,je
5775,l
5776,ai
5777,dit
5778,au
5779,tout
5780,début
5781,de
5782,notre
5783,échange
5784,de
5785,notre
5786,débat
5787,je
5788,suis
5789,frappé
5790,de
5791,l
5792,idée
5793,qu
5794,il
5795,y
5796,a
5797,deux
5798,France
5799,sans
5800,doute
5801,y
5802,en
5803,a
5804,t-il
5805,davantage
5806,mais
5807,schématisons
5808,un
5809,peu
5810,mon
5811,propos
5812,qui
5813,s
5814,écartent
5815,.
5816,Je
5817,dirai
5818,pour
5819,reprendre
5820,l
5821,image
5822,en
5823,la
5824,modifiant
5825,de
5826,Jacques
5827,Chirac
5828,tout
5829,à
5830,l
5831,heure
5832,je
5833,ne
5834,pense
5835,pas
5836,que
5837,ce
5838,soit
5839,une
5840,fracture
5841,parce
5842,qu
5843,une
5844,fracture
5845,au
5846,moins
5847,c
5848,est
5849,net
5850,cela
5851,ne
5852,bouge
5853,pas
5854,et
5855,on
5856,la
5857,réduit
5858,là
5859,il
5860,s
5861,agit
5862,plutôt
5863,d
5864,une
5865,faille
5866,de
5867,quelque
5868,chose
5869,qui
5870,fait
5871,que
5872,deux
5873,France
5874,s
5875,éloignent
5876,.
5877,Et
5878,moi
5879,je
5880,ne
5881,veux
5882,pas
5883,que
5884,ces
5885,deux
5886,France
5887,s
5888,éloignent
5889,.
5890,.
5891,.
5892,.
5893,Mais
5894,on
5895,doit
5896,en
5897,parler
5898,si
5899,on
5900,va
5901,assez
5902,vite
5903,.
5904,Si
5905,on
5906,peut
5907,.
5908,Je
5909,voudrais
5910,simplement
5911,vous
5912,signaler
5913,à
5914,tous
5915,les
5916,deux
5917,que
5918,sur
5919,ce
5920,temps-là
5921,il
5922,vous
5923,restera
5924,quand
5925,vous
5926,vous
5927,serez
5928,répondu
5929,là-dessus
5930,à
5931,peu
5932,près
5933,minutes
5934,pour
5935,aborder
5936,notamment
5937,les
5938,problèmes
5939,d
5940,immigration
5941,et
5942,certaines
5943,questions
5944,particulièrement
5945,cruciales
5946,de
5947,santé
5948,dont
5949,il
5950,faudrait
5951,que
5952,l
5953,on
5954,puisse
5955,dire
5956,un
5957,mot
5958,comme
5959,le
5960,Sida
5961,et
5962,dont
5963,vous
5964,souhaitez
5965,dire
5966,un
5967,mot
5968,.
5969,N
5970,ai-je
5971,pas
5972,par
5973,ailleurs
5974,je
5975,le
5976,dis
5977,par
5978,correction
5979,vis-à-vis
5980,de
5981,Jacques
5982,Chirac
5983,et
5984,par
5985,précaution
5986,vis-à-vis
5987,de
5988,moi
5989,de
5990,l
5991,avance
5992,sur
5993,l
5994,un
5995,des
5996,premiers
5997,thèmes
5998,Pour
5999,l
6000,instant
6001,ça
6002,va
6003,à
6004,peu
6005,près
6006,Vous
6007,n
6008,avez
6009,depuis
6010,le
6011,début
6012,qu
6013,une
6014,différence
6015,d
6016,une
6017,minute
6018,.
6019,C
6020,est
6021,vrai
6022,qu
6023,il
6024,y
6025,a
6026,deux
6027,France
6028,et
6029,c
6030,est
6031,vrai
6032,que
6033,fracture
6034,ou
6035,faille
6036,cela
6037,s
6038,écarte
6039,.
6040,Et
6041,c
6042,est
6043,vrai
6044,qu
6045,il
6046,y
6047,a
6048,de
6049,plus
6050,en
6051,plus
6052,de
6053,Français
6054,qui
6055,sont
6056,sur
6057,le
6058,bord
6059,de
6060,la
6061,route
6062,et
6063,qu
6064,on
6065,est
6066,obligé
6067,d
6068,assister
6069,et
6070,que
6071,l
6072,autre
6073,France
6074,est
6075,de
6076,plus
6077,en
6078,plus
6079,taxée
6080,pour
6081,permettre
6082,d
6083,aider
6084,les
6085,premiers
6086,.
6087,C
6088,est
6089,un
6090,sytème
6091,diabolique
6092,.
6093,Et
6094,je
6095,m
6096,excuse
6097,de
6098,vous
6099,le
6100,dire
6101,mais
6102,c
6103,est
6104,un
6105,système
6106,socialiste
6107,.
6108,.
6109,.
6110,.
6111,Non
6112,je
6113,ne
6114,peux
6115,pas
6116,laisser
6117,dire
6118,cela
6119,par
6120,une
6121,formule
6122,lapidaire
6123,il
6124,y
6125,a
6126,millions
6127,de
6128,chômeurs
6129,en
6130,Europe
6131,mais
6132,il
6133,y
6134,a
6135,millions
6136,de
6137,personnes
6138,en
6139,situation
6140,de
6141,précarité
6142,ou
6143,en-dessous
6144,du
6145,seuil
6146,de
6147,pauvreté
6148,.
6149,C
6150,est
6151,un
6152,phénomène
6153,européen
6154,lié
6155,à
6156,des
6157,politiques
6158,globales
6159,.
6160,Et
6161,pendant
6162,que
6163,nous
6164,étions
6165,au
6166,pouvoir
6167,nous
6168,avons
6169,aussi
6170,connu
6171,ces
6172,difficultés
6173,mais
6174,nous
6175,avons
6176,essayé
6177,de
6178,traiter
6179,le
6180,problème
6181,des
6182,gens
6183,qui
6184,étaient
6185,dans
6186,la
6187,plus
6188,grande
6189,difficulté
6190,.
6191,Chirac
6192,Je
6193,n
6194,ai
6195,pas
6196,dit
6197,qu
6198,il
6199,n
6200,y
6201,avait
6202,pas
6203,de
6204,chômage
6205,ou
6206,d
6207,exclusion
6208,ailleurs
6209,.
6210,J
6211,ai
6212,dit
6213,que
6214,le
6215,phénomène
6216,avait
6217,frappé
6218,beaucoup
6219,plus
6220,fortement
6221,la
6222,France
6223,que
6224,les
6225,autres
6226,pays
6227,européens
6228,précisément
6229,parce
6230,que
6231,l
6232,on
6233,a
6234,un
6235,système
6236,qui
6237,nous
6238,tire
6239,vers
6240,le
6241,bas
6242,au
6243,lieu
6244,d
6245,avoir
6246,un
6247,système
6248,qui
6249,nous
6250,donne
6251,un
6252,peu
6253,d
6254,oxygène
6255,.
6256,JOSPIN
6257,.
6258,.
6259,.
6260,.
6261,de
6262,l
6263,ensemble
6264,des
6265,logements
6266,.
6267,.
6268,.
6269,.
6270,CHIRAC
6271,.
6272,.
6273,.
6274,.
6275,de
6276,tous
6277,les
6278,logements
6279,.
6280,Que
6281,ce
6282,soit
6283,clair
6284,pour
6285,ceux
6286,qui
6287,nous
6288,entendent
6289,.
6290,II
6291,ne
6292,s
6293,agit
6294,pas
6295,là
6296,des
6297,logements
6298,sociaux
6299,.
6300,Non
6301,.
6302,L
6303,ensemble
6304,des
6305,logements
6306,.
6307,logements
6308,c
6309,est-à-dire
6310,la
6311,situation
6312,la
6313,plus
6314,dramatique
6315,que
6316,l
6317,on
6318,ait
6319,connue
6320,depuis
6321,qui
6322,était
6323,l
6324,année
6325,-je
6326,vous
6327,le
6328,rappelle
6329,où
6330,l
6331,Abbé
6332,Pierre
6333,lançait
6334,ses
6335,premières
6336,demandes
6337,.
6338,.
6339,.
6340,.
6341,JOSPIN
6342,.
6343,.
6344,.
6345,.
6346,II
6347,ne
6348,le
6349,faisait
6350,pas
6351,pour
6352,tous
6353,les
6354,logements
6355,l
6356,Abbé
6357,Pierre
6358,.
6359,II
6360,le
6361,faisait
6362,pour
6363,les
6364,logements
6365,des
6366,démunis
6367,sociaux
6368,.
6369,.
6370,.
6371,.
6372,Alors
6373,comment
6374,faire
6375,Vous
6376,avez
6377,aujourd
6378,hui
6379,dans
6380,le
6381,logement
6382,social
6383,.
6384,.
6385,.
6386,il
6387,faut
6388,changer
6389,l
6390,outil
6391,.
6392,II
6393,faut
6394,changer
6395,la
6396,politique
6397,.
6398,La
6399,politique
6400,aujourd
6401,hui
6402,appliquée
6403,ne
6404,correspond
6405,plus
6406,aux
6407,besoins
6408,.
6409,.
6410,.
6411,.
6412,locatif
6413,des
6414,quantités
6415,de
6416,gens
6417,million
6418,millions
6419,qui
6420,n
6421,ont
6422,qu
6423,une
6424,idée
6425,c
6426,est
6427,d
6428,accéder
6429,à
6430,la
6431,propriété
6432,mais
6433,qui
6434,ne
6435,peuvent
6436,pas
6437,parce
6438,qu
6439,il
6440,n
6441,y
6442,a
6443,pas
6444,de
6445,prêts
6446,qui
6447,leur
6448,permettent
6449,de
6450,le
6451,faire
6452,.
6453,Dans
6454,une
6455,période
6456,d
6457,incertitude
6458,le
6459,chômage
6460,ou
6461,le
6462,divorce
6463,ils
6464,n
6465,osent
6466,pas
6467,.
6468,C
6469,est
6470,la
6471,raison
6472,d
6473,ailleurs
6474,pour
6475,laquelle
6476,les
6477,prêts
6478,d
6479,accession
6480,à
6481,la
6482,propriété
6483,vous
6484,pouvez
6485,toujours
6486,les
6487,augmenter
6488,on
6489,n
6490,utilise
6491,pas
6492,ceux
6493,que
6494,l
6495,on
6496,a
6497,.
6498,Sur
6499,ces
6500,problèmes
6501,de
6502,société
6503,vous
6504,avez
6505,dépassé
6506,l
6507,un
6508,et
6509,l
6510,autre
6511,très
6512,très
6513,légèrement
6514,le
6515,temps
6516,qui
6517,vous
6518,était
6519,imparti
6520,.
6521,DUHAMEL
6522,.
6523,.
6524,.
6525,.
6526,et
6527,dire
6528,un
6529,mot
6530,du
6531,Sida
6532,aussi
6533,.
6534,.
6535,.
6536,.
6537,et
6538,dire
6539,un
6540,mot
6541,du
6542,Sida
6543,.
6544,Essayez
6545,d
6546,être
6547,concis
6548,parce
6549,qu
6550,il
6551,est
6552,presque
6553,h
6554,.
6555,II
6556,y
6557,a
6558,des
6559,sujets
6560,dont
6561,on
6562,ne
6563,nous
6564,pardonnerait
6565,pas
6566,dont
6567,on
6568,ne
6569,vous
6570,pardonnerait
6571,pas
6572,de
6573,ne
6574,pas
6575,avoir
6576,dit
6577,un
6578,mot
6579,autrement
6580,.
6581,Cela
6582,n
6583,était
6584,pas
6585,décompté
6586,sur
6587,vos
6588,temps
6589,de
6590,parole
6591,.
6592,D
6593,abord
6594,merci
6595,à
6596,Jacques
6597,Chirac
6598,de
6599,venir
6600,plaider
6601,pour
6602,moi
6603,puisqu
6604,en
6605,insistant
6606,sur
6607,l
6608,importance
6609,du
6610,logement
6611,dans
6612,les
6613,créations
6614,d
6615,emplois
6616,et
6617,dans
6618,les
6619,recettes
6620,fiscales
6621,il
6622,a
6623,plaidé
6624,pour
6625,l
6626,un
6627,de
6628,mes
6629,quatre
6630,programmes
6631,de
6632,création
6633,d
6634,emplois
6635,qui
6636,concerne
6637,le
6638,logement
6639,très
6640,précisément
6641,.
6642,Premier
6643,élément
6644,.
6645,CHIRAC
6646,.
6647,.
6648,.
6649,.
6650,vous
6651,permettez
6652,que
6653,je
6654,réponde
6655,sur
6656,Paris
6657,JOSPIN
6658,.
6659,.
6660,.
6661,.
6662,naturellement
6663,que
6664,je
6665,vous
6666,y
6667,autorise
6668,.
6669,.
6670,.
6671,.
6672,CHIRAC
6673,.
6674,.
6675,.
6676,.
6677,parce
6678,que
6679,je
6680,trouve
6681,que
6682,Jospin
6683,ne
6684,manque
6685,pas
6686,d
6687,audace
6688,lui
6689,qui
6690,a
6691,été
6692,près
6693,de
6694,ans
6695,conseiller
6696,de
6697,Paris
6698,.
6699,.
6700,.
6701,.
6702,Oui
6703,.
6704,.
6705,.
6706,.
6707,CHIRAC
6708,.
6709,.
6710,.
6711,.
6712,et
6713,que
6714,je
6715,ne
6716,l
6717,ai
6718,jamais
6719,entendu
6720,intervenir
6721,sur
6722,ce
6723,point
6724,au
6725,Conseil
6726,de
6727,Paris
6728,.
6729,Chirac
6730,vous
6731,ne
6732,pouvez
6733,pas
6734,dire
6735,cela
6736,Je
6737,suis
6738,venu
6739,vous
6740,voir
6741,dans
6742,votre
6743,bureau
6744,c
6745,est
6746,la
6747,seule
6748,fois
6749,où
6750,vous
6751,m
6752,avez
6753,reçu
6754,mais
6755,c
6756,était
6757,la
6758,seule
6759,fois
6760,d
6761,ailleurs
6762,où
6763,je
6764,vous
6765,avais
6766,demandé
6767,un
6768,entretien
6769,particulier
6770,pour
6771,vous
6772,proposer
6773,le
6774,plan
6775,de
6776,réhabilitation
6777,de
6778,la
6779,Goutte
6780,d
6781,Or
6782,.
6783,Vous
6784,vous
6785,en
6786,souvenez
6787,Oui
6788,.
6789,La
6790,Goutte
6791,d
6792,Or
6793,.
6794,Parfaitement
6795,.
6796,Un
6797,plan
6798,que
6799,nous
6800,avons
6801,fait
6802,.
6803,.
6804,.
6805,.
6806,Qui
6807,a
6808,débouché
6809,grâce
6810,à
6811,l
6812,obstination
6813,de
6814,Daniel
6815,Vaillant
6816,mon
6817,suppléant
6818,qui
6819,est
6820,actuel
6821,député
6822,de
6823,la
6824,Goutte
6825,d
6826,Or
6827,.
6828,Publicité
6829,gratuite
6830,.
6831,Oui
6832,mais
6833,c
6834,est
6835,vrai
6836,.
6837,C
6838,est
6839,vrai
6840,.
6841,Je
6842,suis
6843,très
6844,choqué
6845,par
6846,cette
6847,appréciation
6848,sur
6849,Paris
6850,.
6851,JOSPIN
6852,.
6853,.
6854,.
6855,.
6856,et
6857,des
6858,marchands
6859,de
6860,biens
6861,.
6862,.
6863,.
6864,.
6865,CHIRAC
6866,.
6867,.
6868,.
6869,.
6870,essentiellement
6871,des
6872,banques
6873,.
6874,Crédit
6875,Lyonnais
6876,.
6877,.
6878,.
6879,.
6880,JOSPIN
6881,.
6882,.
6883,.
6884,.
6885,et
6886,des
6887,marchands
6888,de
6889,biens
6890,pour
6891,la
6892,réhabilitation
6893,de
6894,l
6895,habitat
6896,ancien
6897,.
6898,CHIRAC
6899,.
6900,.
6901,.
6902,.
6903,.
6904,milliards
6905,de
6906,pertes
6907,immobilières
6908,du
6909,Crédit
6910,Lyonnais
6911,ça
6912,c
6913,est
6914,le
6915,système
6916,socialiste
6917,Non
6918,.
6919,Non
6920,.
6921,C
6922,est
6923,Jean-Maxime
6924,Lévêque
6925,nommé
6926,par
6927,vous
6928,qui
6929,a
6930,commencé
6931,les
6932,erreurs
6933,d
6934,orientation
6935,et
6936,Haberer
6937,qui
6938,que
6939,je
6940,sache
6941,n
6942,est
6943,pas
6944,d
6945,idéologie
6946,socialiste
6947,.
6948,.
6949,.
6950,CHIRAC
6951,.
6952,.
6953,.
6954,nous
6955,allons
6956,avoir
6957,des
6958,remontrances
6959,.
6960,.
6961,.
6962,JOSPIN
6963,.
6964,.
6965,.
6966,.
6967,Je
6968,ne
6969,peux
6970,pas
6971,laisser
6972,dire
6973,que
6974,Jean-Maxime
6975,Lévêque
6976,ou
6977,Haberer
6978,soient
6979,socialistes
6980,.
6981,Peut-être
6982,peut-on
6983,revenir
6984,à
6985,la
6986,réponse
6987,sur
6988,le
6989,logement
6990,sur
6991,Paris
6992,.
6993,Pour
6994,qu
6995,ensuite
6996,Guillaume
6997,Durand
6998,puisse
6999,vous
7000,interroger
7001,.
7002,.
7003,.
7004,.
7005,Je
7006,ne
7007,veux
7008,pas
7009,mettre
7010,en
7011,cause
7012,les
7013,hommes
7014,c
7015,est
7016,le
7017,système
7018,que
7019,je
7020,mets
7021,en
7022,cause
7023,.
7024,.
7025,.
7026,.
7027,.
7028,.
7029,.
7030,mais
7031,il
7032,n
7033,y
7034,a
7035,pas
7036,de
7037,système
7038,.
7039,.
7040,.
7041,.
7042,CHIRAC
7043,.
7044,.
7045,.
7046,.
7047,c
7048,est
7049,une
7050,banque
7051,d
7052,Etat
7053,.
7054,C
7055,est
7056,une
7057,banque
7058,nationalisée
7059,.
7060,.
7061,.
7062,.
7063,JOSPIN
7064,.
7065,.
7066,.
7067,.
7068,nationalisée
7069,par
7070,le
7071,Général
7072,de
7073,Gaulle
7074,avec
7075,les
7076,socialistes
7077,les
7078,communistes
7079,et
7080,le
7081,MRP
7082,en
7083,.
7084,Donc
7085,ce
7086,n
7087,est
7088,pas
7089,un
7090,problème
7091,de
7092,système
7093,socialiste
7094,.
7095,Ne
7096,confondons
7097,pas
7098,tout
7099,Non
7100,.
7101,Mais
7102,le
7103,maintien
7104,des
7105,banques
7106,nationalisées
7107,ça
7108,c
7109,est
7110,un
7111,système
7112,socialiste
7113,alors
7114,qu
7115,elle
7116,devait
7117,l
7118,être
7119,pour
7120,une
7121,petite
7122,période
7123,de
7124,redressement
7125,et
7126,le
7127,résultat
7128,on
7129,le
7130,voit
7131,Le
7132,Général
7133,de
7134,Gaulle
7135,n
7136,a
7137,pas
7138,nationalisé
7139,en
7140,revenant
7141,en
7142,Permettez-moi
7143,de
7144,vous
7145,dire
7146,Jospin
7147,que
7148,Rocard
7149,qui
7150,était
7151,Premier
7152,Ministre
7153,avait
7154,indiqué
7155,les
7156,règles
7157,et
7158,la
7159,règle
7160,était
7161,m
7162,de
7163,logement
7164,pour
7165,m
7166,de
7167,bureaux
7168,dans
7169,les
7170,villes
7171,de
7172,France
7173,et
7174,notamment
7175,en
7176,Ile-de-France
7177,.
7178,JOSPIN
7179,.
7180,.
7181,.
7182,.
7183,depuis
7184,Chirac
7185,.
7186,.
7187,.
7188,depuis
7189,.
7190,.
7191,.
7192,.
7193,pour
7194,lesquels
7195,nous
7196,avons
7197,fait
7198,depuis
7199,logements
7200,soit
7201,une
7202,moyenne
7203,de
7204,par
7205,an
7206,.
7207,JOSPIN
7208,.
7209,.
7210,.
7211,.
7212,la
7213,plupart
7214,des
7215,municipalités
7216,de
7217,gauche
7218,.
7219,Paris
7220,consacre
7221,d
7222,ailleurs
7223,milliards
7224,de
7225,francs
7226,chaque
7227,année
7228,à
7229,la
7230,construction
7231,de
7232,logements
7233,sociaux
7234,.
7235,Alors
7236,naturellement
7237,il
7238,y
7239,a
7240,toujours
7241,de
7242,la
7243,demande
7244,mais
7245,ce
7246,n
7247,est
7248,pas
7249,une
7250,raison
7251,.
7252,.
7253,.
7254,.
7255,DURAND
7256,.
7257,.
7258,.
7259,.
7260,Chirac
7261,on
7262,va
7263,peut-être
7264,laisser
7265,parler
7266,maintenant
7267,Jospin
7268,et
7269,parler
7270,des
7271,problèmes
7272,d
7273,immigration
7274,.
7275,DUHAMEL
7276,.
7277,.
7278,.
7279,.
7280,et
7281,enchaîner
7282,avec
7283,une
7284,question
7285,précise
7286,à
7287,propos
7288,de
7289,l
7290,immigration
7291,.
7292,Je
7293,comprends
7294,parfaitement
7295,que
7296,Jacques
7297,Chirac
7298,ait
7299,éprouvé
7300,le
7301,besoin
7302,de
7303,répondre
7304,qu
7305,il
7306,m
7307,ait
7308,convaincu
7309,est
7310,une
7311,autre
7312,affaire
7313,et
7314,que
7315,ses
7316,chiffres
7317,m
7318,aient
7319,convaincu
7320,en
7321,particulier
7322,aussi
7323,Sur
7324,les
7325,problèmes
7326,d
7327,immigration
7328,l
7329,une
7330,des
7331,questions
7332,essentielles
7333,que
7334,se
7335,posent
7336,les
7337,Français
7338,et
7339,la
7340,société
7341,française
7342,évidemment;
7343,c
7344,est
7345,de
7346,savoir
7347,comment
7348,endiguer
7349,l
7350,immigration
7351,clandestine
7352,Quels
7353,sont
7354,les
7355,moyens
7356,concrets
7357,qui
7358,peuvent
7359,être
7360,mis
7361,en
7362,place
7363,pour
7364,que
7365,cette
7366,immigration
7367,clandestine
7368,stoppe
7369,ou
7370,même
7371,qu
7372,elle
7373,soit
7374,comptabilisée
7375,Que
7376,peut-on
7377,faire
7378,dans
7379,ce
7380,domaine
7381,Le
7382,propre
7383,d
7384,une
7385,immigration
7386,clandestine
7387,c
7388,est
7389,qu
7390,il
7391,est
7392,difficile
7393,de
7394,la
7395,comptabiliser
7396,.
7397,Cela
7398,c
7399,est
7400,une
7401,réflexion
7402,de
7403,bon
7404,sens
7405,.
7406,Sauf
7407,naturellement
7408,pour
7409,ceux
7410,dont
7411,on
7412,constate
7413,.
7414,.
7415,.
7416,.
7417,CHIRAC
7418,.
7419,.
7420,.
7421,.
7422,on
7423,aurait
7424,pu
7425,ne
7426,pas
7427,la
7428,régulariser
7429,notamment
7430,en
7431,.
7432,.
7433,.
7434,JOSPIN
7435,.
7436,.
7437,.
7438,.
7439,Cela
7440,a
7441,été
7442,fait
7443,en
7444,.
7445,Cela
7446,a
7447,concerné
7448,personnes
7449,qui
7450,de
7451,toute
7452,façon
7453,seraient
7454,restées
7455,sur
7456,le
7457,territoire
7458,national
7459,pour
7460,celles-là
7461,et
7462,ensuite
7463,cela
7464,n
7465,a
7466,pas
7467,été
7468,fait
7469,une
7470,deuxième
7471,fois
7472,.
7473,Jospin
7474,en
7475,substance
7476,concrètement
7477,que
7478,peut-on
7479,imaginer
7480,de
7481,faire
7482,pour
7483,réduire
7484,le
7485,flux
7486,existant
7487,actuel
7488,d
7489,immigration
7490,clandestine
7491,On
7492,n
7493,a
7494,pas
7495,d
7496,autres
7497,solutions
7498,que
7499,de
7500,faire
7501,les
7502,vérifications
7503,aux
7504,frontières
7505,d
7506,une
7507,part
7508,que
7509,ce
7510,soit
7511,à
7512,nos
7513,frontières
7514,ou
7515,que
7516,ce
7517,soit
7518,aux
7519,nouvelles
7520,frontières
7521,des
7522,Etats
7523,de
7524,Schengen
7525,en
7526,s
7527,assurant
7528,naturellement
7529,qu
7530,ils
7531,font
7532,leur
7533,travail
7534,comme
7535,nous
7536,faisons
7537,le
7538,nôtre
7539,.
7540,Pour
7541,ceux
7542,qui
7543,ont
7544,signé
7545,ces
7546,accords
7547,c
7548,est
7549,le
7550,cas
7551,je
7552,le
7553,crois
7554,DUHAMEL
7555,.
7556,.
7557,.
7558,.
7559,clandestine
7560,c
7561,est
7562,bien
7563,de
7564,cela
7565,dont
7566,on
7567,parlait
7568,.
7569,Je
7570,suis
7571,de
7572,l
7573,avis
7574,de
7575,Jospin
7576,mais
7577,je
7578,constate
7579,qu
7580,en
7581,puisque
7582,c
7583,est
7584,la
7585,date
7586,que
7587,vous
7588,souhaitez
7589,retenir
7590,le
7591,taux
7592,d
7593,exécution
7594,des
7595,reconduites
7596,aux
7597,frontières
7598,était
7599,de
7600,par
7601,rapport
7602,aux
7603,décisions
7604,de
7605,justice
7606,.
7607,JOSPIN
7608,.
7609,.
7610,.
7611,.
7612,je
7613,vais
7614,vous
7615,dire
7616,je
7617,remets
7618,en
7619,cause
7620,le
7621,Code
7622,de
7623,la
7624,nationalité
7625,.
7626,.
7627,.
7628,C
7629,est
7630,une
7631,autre
7632,chose
7633,Oui
7634,.
7635,Mais
7636,je
7637,vous
7638,réponds
7639,.
7640,.
7641,.
7642,Vous
7643,ne
7644,mettez
7645,pas
7646,en
7647,cause
7648,les
7649,lois
7650,sur
7651,les
7652,entrées
7653,et
7654,le
7655,séjour
7656,des
7657,étrangers
7658,II
7659,y
7660,a
7661,des
7662,choses
7663,que
7664,je
7665,mets
7666,en
7667,cause
7668,il
7669,y
7670,a
7671,des
7672,hommes
7673,et
7674,des
7675,femmes
7676,qui
7677,font
7678,une
7679,grève
7680,de
7681,la
7682,faim
7683,pourquoi
7684,actuellement
7685,Vous
7686,le
7687,savez
7688,peut-être
7689,Parce
7690,qu
7691,il
7692,y
7693,a
7694,une
7695,disposition
7696,actuelle
7697,qui
7698,relève
7699,de
7700,ces
7701,lois
7702,Pasqua-Méhaignerie
7703,pour
7704,faire
7705,vite
7706,qui
7707,précise
7708,que
7709,des
7710,parents
7711,étrangers
7712,d
7713,enfants
7714,français
7715,ne
7716,peuvent
7717,pas
7718,être
7719,expulsés
7720,et
7721,ne
7722,peuvent
7723,pas
7724,avoir
7725,de
7726,titre
7727,régulier
7728,de
7729,séjour
7730,en
7731,tout
7732,cas
7733,un
7734,certain
7735,nombre
7736,d
7737,entre
7738,eux
7739,.
7740,C
7741,est-à-dire
7742,que
7743,la
7744,loi
7745,officialise
7746,ce
7747,sont
7748,des
7749,cas
7750,peu
7751,nombreux
7752,j
7753,en
7754,conviens
7755,mais
7756,la
7757,symbolique
7758,est
7759,claire
7760,le
7761,cas
7762,d
7763,hommes
7764,et
7765,de
7766,femmes
7767,qui
7768,sont
7769,à
7770,la
7771,fois
7772,inexpulsables
7773,non
7774,susceptibles
7775,d
7776,avoir
7777,un
7778,titre
7779,de
7780,séjour
7781,régulier
7782,et
7783,sont
7784,en
7785,situation
7786,irrégulière
7787,.
7788,Voilà
7789,par
7790,exemple
7791,une
7792,disposition
7793,absurde
7794,que
7795,je
7796,voudrais
7797,changer
7798,.
7799,D
7800,abord
7801,la
7802,réforme
7803,n
7804,est
7805,pas
7806,le
7807,droit
7808,du
7809,sang
7810,.
7811,Et
7812,la
7813,réforme
7814,du
7815,Code
7816,de
7817,la
7818,Nationalité
7819,c
7820,est
7821,tout
7822,simplement
7823,la
7824,nécessité
7825,pour
7826,un
7827,jeune
7828,entre
7829,et
7830,ans
7831,qui
7832,veut
7833,devenir
7834,Français
7835,de
7836,le
7837,demander
7838,.
7839,Et
7840,c
7841,est
7842,tout
7843,de
7844,même
7845,la
7846,moindre
7847,des
7848,choses
7849,dans
7850,un
7851,pays
7852,qui
7853,est
7854,fondé
7855,sur
7856,la
7857,valeur
7858,républicaine
7859,de
7860,l
7861,intégration
7862,.
7863,On
7864,pourrait
7865,le
7866,demander
7867,à
7868,chacun
7869,.
7870,.
7871,.
7872,Chacun
7873,doit
7874,demander
7875,.
7876,.
7877,.
7878,.
7879,Non
7880,.
7881,A
7882,chacun
7883,.
7884,.
7885,.
7886,.
7887,Donc
7888,je
7889,ne
7890,partage
7891,pas
7892,votre
7893,sentiment
7894,.
7895,.
7896,.
7897,Toute
7898,la
7899,République
7900,a
7901,vécu
7902,avec
7903,cela
7904,depuis
7905,des
7906,siècles
7907,quand
7908,même
7909,Donc
7910,qu
7911,est-ce
7912,qui
7913,a
7914,justifié
7915,le
7916,changement
7917,Non
7918,.
7919,La
7920,République
7921,n
7922,a
7923,pas
7924,vécu
7925,avec
7926,cela
7927,depuis
7928,des
7929,siècles
7930,.
7931,On
7932,n
7933,était
7934,Français
7935,qu
7936,à
7937,partir
7938,de
7939,l
7940,âge
7941,de
7942,ans
7943,et
7944,par
7945,conséquent
7946,le
7947,changement
7948,du
7949,Code
7950,de
7951,la
7952,nationalité
7953,qui
7954,a
7955,été
7956,fait
7957,par
7958,la
7959,loi
7960,de
7961,est
7962,un
7963,changement
7964,qui
7965,d
7966,ailleurs
7967,est
7968,fondé
7969,sur
7970,la
7971,réflexion
7972,où
7973,toutes
7974,les
7975,familles
7976,politiques
7977,philosophiques
7978,religieuses
7979,étaient
7980,réunies
7981,dans
7982,la
7983,commission
7984,Marceau
7985,Long
7986,et
7987,exige
7988,la
7989,seule
7990,modification
7991,de
7992,fond
7993,est
7994,la
7995,demande
7996,qu
7997,un
7998,enfant
7999,qui
8000,est
8001,de
8002,parents
8003,étrangers
8004,né
8005,sur
8006,le
8007,sol
8008,français
8009,qui
8010,y
8011,réside
8012,depuis
8013,ans
8014,demande
8015,à
8016,être
8017,Français
8018,et
8019,ne
8020,s
8021,aperçoive
8022,pas
8023,un
8024,jour
8025,qu
8026,il
8027,l
8028,est
8029,par
8030,hasard
8031,.
8032,.
8033,.
8034,.
8035,Vous
8036,êtes
8037,d
8038,accord
8039,que
8040,cela
8041,n
8042,a
8043,pas
8044,de
8045,rapport
8046,avec
8047,le
8048,problème
8049,de
8050,l
8051,immigration
8052,clandestine
8053,.
8054,.
8055,.
8056,Aucun
8057,.
8058,C
8059,est
8060,une
8061,autre
8062,symbolique
8063,on
8064,choisit
8065,l
8066,intégration
8067,ou
8068,pas
8069,.
8070,L
8071,immigration
8072,clandestine
8073,c
8074,est
8075,un
8076,autre
8077,problème
8078,.
8079,L
8080,intégration
8081,est
8082,le
8083,fait
8084,d
8085,abord
8086,de
8087,manifester
8088,la
8089,volonté
8090,de
8091,s
8092,intégrer
8093,c
8094,est
8095,tout
8096,quand
8097,on
8098,est
8099,un
8100,étranger
8101,ou
8102,qu
8103,on
8104,a
8105,vocation
8106,à
8107,l
8108,être
8109,.
8110,Chirac
8111,et
8112,Jospin
8113,théoriquement
8114,nous
8115,avons
8116,épuisé
8117,le
8118,temps
8119,de
8120,parole
8121,sur
8122,ce
8123,e
8124,thème
8125,.
8126,.
8127,.
8128,.
8129,CHIRAC
8130,.
8131,.
8132,.
8133,.
8134,parlons
8135,du
8136,Sida
8137,quand
8138,même
8139,C
8140,est
8141,ce
8142,que
8143,j
8144,allais
8145,vous
8146,dire
8147,.
8148,Mais
8149,là
8150,simplement
8151,on
8152,va
8153,vous
8154,demander
8155,dans
8156,l
8157,intérêt
8158,de
8159,tout
8160,le
8161,monde
8162,dans
8163,le
8164,vôtre
8165,aussi
8166,de
8167,bien
8168,jouer
8169,le
8170,jeu
8171,on
8172,va
8173,vous
8174,poser
8175,une
8176,question
8177,inévitablement
8178,réductrice
8179,sur
8180,le
8181,Sida
8182,et
8183,une
8184,autre
8185,à
8186,propos
8187,des
8188,agriculteurs
8189,dont
8190,il
8191,serait
8192,inconvenant
8193,qu
8194,on
8195,ne
8196,dise
8197,pas
8198,un
8199,mot
8200,.
8201,Et
8202,ensuite
8203,on
8204,passera
8205,aux
8206,problèmes
8207,européens
8208,et
8209,internationaux
8210,qui
8211,termineront
8212,ce
8213,débat
8214,.
8215,Guerre
8216,au
8217,Sida
8218,c
8219,est-à-dire
8220,une
8221,politique
8222,de
8223,santé
8224,publique
8225,tournée
8226,résolument
8227,vers
8228,la
8229,limitation
8230,des
8231,risques
8232,et
8233,vers
8234,une
8235,réponse
8236,aux
8237,problèmes
8238,auxquels
8239,sont
8240,confrontés
8241,les
8242,séropositifs
8243,ou
8244,les
8245,malades
8246,du
8247,Sida
8248,donc
8249,une
8250,volonté
8251,déterminée
8252,des
8253,Pouvoirs
8254,publics
8255,et
8256,en
8257,même
8258,temps
8259,un
8260,appui
8261,avec
8262,le
8263,mouvement
8264,associatif
8265,mais
8266,pas
8267,en
8268,se
8269,reposant
8270,sur
8271,le
8272,mouvement
8273,associatif
8274,.
8275,Je
8276,partage
8277,tout
8278,à
8279,fait
8280,le
8281,sentiment
8282,de
8283,Jospin
8284,sur
8285,ces
8286,points
8287,je
8288,serai
8289,donc
8290,beaucoup
8291,plus
8292,bref
8293,.
8294,.
8295,.
8296,.
8297,les
8298,vaccinations
8299,.
8300,Je
8301,n
8302,ai
8303,donc
8304,rien
8305,de
8306,plus
8307,à
8308,dire
8309,sur
8310,ce
8311,sujet
8312,.
8313,Alors
8314,Messieurs
8315,sur
8316,le
8317,problème
8318,des
8319,agriculteurs
8320,qui
8321,nous
8322,écoutent
8323,ce
8324,soir
8325,et
8326,qui
8327,se
8328,sentent
8329,très
8330,souvent
8331,aussi
8332,des
8333,exclus
8334,de
8335,la
8336,société
8337,française
8338,faut-il
8339,baisser
8340,les
8341,charges
8342,des
8343,exploitants
8344,et
8345,faut-il
8346,que
8347,l
8348,Etat
8349,français
8350,prenne
8351,plus
8352,à
8353,sa
8354,charge
8355,la
8356,défense
8357,des
8358,agriculteurs
8359,français
8360,notamment
8361,dans
8362,le
8363,contexte
8364,européen
8365,actuel
8366,.
8367,Chirac
8368,.
8369,Et
8370,là
8371,encore
8372,en
8373,substance
8374,.
8375,Duhamel
8376,s
8377,inquiète
8378,.
8379,Quand
8380,on
8381,me
8382,fait
8383,parler
8384,de
8385,l
8386,agriculture
8387,il
8388,est
8389,immédiatement
8390,terrorisé
8391,.
8392,Je
8393,sais
8394,qu
8395,il
8396,vous
8397,arrive
8398,quelquefois
8399,d
8400,être
8401,prolixe
8402,sur
8403,cette
8404,question
8405,d
8406,ailleurs
8407,importante
8408,.
8409,Alors
8410,je
8411,serai
8412,très
8413,bref
8414,l
8415,agriculture
8416,est
8417,l
8418,une
8419,des
8420,grandes
8421,chances
8422,de
8423,la
8424,France
8425,c
8426,est
8427,une
8428,carte
8429,maîtresse
8430,pour
8431,la
8432,France
8433,de
8434,demain
8435,.
8436,Nous
8437,sommes
8438,un
8439,pays
8440,qui
8441,a
8442,une
8443,vocation
8444,formidable
8445,dans
8446,ce
8447,domaine
8448,un
8449,savoir-faire
8450,des
8451,terres
8452,.
8453,Même
8454,durée
8455,.
8456,Je
8457,crois
8458,que
8459,je
8460,sais
8461,aussi
8462,de
8463,quoi
8464,je
8465,parle
8466,parce
8467,que
8468,je
8469,suis
8470,un
8471,élu
8472,d
8473,une
8474,région
8475,et
8476,d
8477,une
8478,circonscription
8479,rurale
8480,.
8481,Et
8482,l
8483,autre
8484,Et
8485,l
8486,autre
8487,c
8488,est
8489,la
8490,bonne
8491,répartition
8492,des
8493,droits
8494,à
8495,produire
8496,qui
8497,permettra
8498,notamment
8499,de
8500,favoriser
8501,l
8502,installation
8503,des
8504,jeunes
8505,.
8506,Chirac
8507,Jospin
8508,pour
8509,le
8510,dernier
8511,thème
8512,vous
8513,aurez
8514,une
8515,dizaine
8516,de
8517,minutes
8518,chacun
8519,pour
8520,le
8521,traiter
8522,.
8523,On
8524,ira
8525,vite
8526,sur
8527,les
8528,questions
8529,européennes
8530,et
8531,internationales
8532,.
8533,Oui
8534,.
8535,Moi
8536,j
8537,aime
8538,bien
8539,les
8540,situations
8541,de
8542,politique-fiction
8543,où
8544,tout
8545,d
8546,un
8547,coup
8548,on
8549,nous
8550,demande
8551,que
8552,feriez-vous
8553,.
8554,.
8555,.
8556,.
8557,Ce
8558,n
8559,est
8560,pas
8561,de
8562,la
8563,fiction
8564,le
8565,Conseil
8566,Européen
8567,est
8568,dans
8569,quelques
8570,semaines
8571,.
8572,.
8573,.
8574,et
8575,l
8576,un
8577,de
8578,vous
8579,deux
8580,y
8581,sera
8582,.
8583,II
8584,faudra
8585,commencer
8586,à
8587,réfléchir
8588,au
8589,niveau
8590,des
8591,chefs
8592,d
8593,Etat
8594,ou
8595,de
8596,gouvernement
8597,qui
8598,seront
8599,présents
8600,sans
8601,doute
8602,dans
8603,un
8604,dîner
8605,comme
8606,cela
8607,se
8608,fait
8609,traditionnellement
8610,à
8611,la
8612,Conférence
8613,intergouvernementale
8614,de
8615,.
8616,Mais
8617,si
8618,vous
8619,aviez
8620,deux
8621,ou
8622,trois
8623,objectifs
8624,prioritaires
8625,.
8626,.
8627,.
8628,Compte
8629,tenu
8630,du
8631,peu
8632,de
8633,temps
8634,qui
8635,nous
8636,est
8637,laissé
8638,moi
8639,je
8640,préférerais
8641,je
8642,peux
8643,essayer
8644,de
8645,répondre
8646,brièvement
8647,puisqu
8648,il
8649,y
8650,a
8651,peu
8652,de
8653,temps
8654,et
8655,que
8656,nous
8657,ne
8658,pouvons
8659,pas
8660,l
8661,un
8662,et
8663,l
8664,autre
8665,développer
8666,nos
8667,conceptions
8668,de
8669,politique
8670,étrangère
8671,et
8672,de
8673,politique
8674,européenne
8675,venir
8676,sur
8677,quelques
8678,points
8679,qui
8680,représentent
8681,des
8682,différences
8683,entre
8684,l
8685,approche
8686,de
8687,Jacques
8688,Chirac
8689,et
8690,la
8691,mienne
8692,.
8693,Par
8694,exemple
8695,Premier
8696,élément
8697,je
8698,veux
8699,le
8700,dire
8701,ici
8702,je
8703,suis
8704,contre
8705,la
8706,reprise
8707,des
8708,essais
8709,nucléaires
8710,.
8711,Voilà
8712,un
8713,motif
8714,de
8715,différence
8716,et
8717,de
8718,choix
8719,.
8720,Chirac
8721,va
8722,vous
8723,répondre
8724,sur
8725,les
8726,questions
8727,européennes
8728,sur
8729,les
8730,options
8731,européennes
8732,sur
8733,les
8734,essais
8735,nucléaires
8736,et
8737,sur
8738,l
8739,armée
8740,de
8741,métier
8742,puisque
8743,ces
8744,deux
8745,points
8746,ont
8747,été
8748,soulevés
8749,par
8750,Jospin
8751,.
8752,Si
8753,vous
8754,voulez
8755,.
8756,Je
8757,voulais
8758,dire
8759,que
8760,je
8761,m
8762,occupe
8763,d
8764,Europe
8765,depuis
8766,longtemps
8767,.
8768,Pourquoi
8769,.
8770,.
8771,.
8772,tout
8773,simplement
8774,pour
8775,des
8776,raisons
8777,démographiques
8778,parce
8779,que
8780,l
8781,armée
8782,n
8783,a
8784,plus
8785,besoin
8786,d
8787,une
8788,classe
8789,complète
8790,.
8791,.
8792,.
8793,Non
8794,.
8795,Non
8796,.
8797,Là-dessus
8798,on
8799,est
8800,d
8801,accord
8802,.
8803,Mais
8804,sur
8805,la
8806,répartition
8807,pourquoi
8808,Deuxièmement
8809,.
8810,.
8811,.
8812,Moi
8813,j
8814,ai
8815,fait
8816,mes
8817,classes
8818,comme
8819,tout
8820,le
8821,monde
8822,nous
8823,avons
8824,besoin
8825,de
8826,plus
8827,en
8828,plus
8829,pour
8830,servir
8831,des
8832,techniques
8833,de
8834,plus
8835,en
8836,plus
8837,sophistiquées
8838,moi
8839,aussi
8840,j
8841,ai
8842,fait
8843,mes
8844,classes
8845,JOSPIN
8846,.
8847,.
8848,.
8849,.
8850,Je
8851,le
8852,sais
8853,bien
8854,Mais
8855,je
8856,veux
8857,dire
8858,que
8859,par
8860,là
8861,on
8862,peut
8863,revenir
8864,là-dessus
8865,.
8866,.
8867,.
8868,II
8869,n
8870,y
8871,a
8872,pas
8873,de
8874,raison
8875,que
8876,le
8877,fils
8878,de
8879,privilégiés
8880,aille
8881,à
8882,Singapour
8883,Oui
8884,mais
8885,enfin
8886,c
8887,est
8888,comme
8889,cela
8890,.
8891,.
8892,.
8893,c
8894,est
8895,ce
8896,que
8897,je
8898,propose
8899,pour
8900,la
8901,moitié
8902,d
8903,une
8904,classe
8905,d
8906,âge
8907,je
8908,suis
8909,d
8910,accord
8911,là-dessus
8912,.
8913,.
8914,.
8915,.
8916,.
8917,.
8918,oui
8919,moi
8920,je
8921,propose
8922,de
8923,faire
8924,un
8925,vrai
8926,service
8927,républicain
8928,dans
8929,ce
8930,domaine
8931,.
8932,.
8933,.
8934,DUHAMEL
8935,.
8936,.
8937,.
8938,.
8939,les
8940,essais
8941,.
8942,.
8943,.
8944,Les
8945,essais
8946,nucléaires
8947,.
8948,Vous
8949,savez
8950,que
8951,j
8952,aime
8953,beaucoup
8954,la
8955,communauté
8956,scientifique
8957,et
8958,je
8959,suis
8960,pour
8961,une
8962,reprise
8963,de
8964,la
8965,priorité
8966,en
8967,faveur
8968,de
8969,l
8970,effort
8971,scientifique
8972,qui
8973,a
8974,été
8975,à
8976,nouveau
8977,coupé
8978,.
8979,Jospin
8980,ce
8981,n
8982,est
8983,pas
8984,le
8985,problème
8986,Si
8987,c
8988,est
8989,le
8990,problème
8991,que
8992,je
8993,pose
8994,.
8995,Avons-nous
8996,les
8997,moyens
8998,de
8999,la
9000,simulation
9001,Et
9002,dans
9003,ce
9004,cas
9005,vous
9006,avez
9007,raison
9008,.
9009,Nous
9010,allons
9011,en
9012,rester
9013,là
9014,sur
9015,ce
9016,point
9017,Guillaume
9018,Durand
9019,va
9020,vous
9021,poser
9022,à
9023,chacun
9024,trois
9025,questions
9026,précises
9027,d
9028,actualité
9029,et
9030,après
9031,quoi
9032,on
9033,vous
9034,demandera
9035,votre
9036,conclusion
9037,à
9038,l
9039,un
9040,comme
9041,à
9042,l
9043,autre
9044,.
9045,L
9046,Europe
9047,est
9048,passée
9049,par
9050,pertes
9051,et
9052,profits
9053,.
9054,L
9055,Europe
9056,a
9057,été
9058,assez
9059,vite
9060,ce
9061,qui
9062,prouve
9063,qu
9064,elle
9065,n
9066,est
9067,pas
9068,toujours
9069,aussi
9070,lente
9071,qu
9072,on
9073,pourrait
9074,le
9075,croire
9076,Puis-je
9077,vous
9078,demander
9079,à
9080,tous
9081,les
9082,deux
9083,et
9084,à
9085,partir
9086,du
9087,moment
9088,où
9089,vous
9090,envisagez
9091,d
9092,être
9093,à
9094,l
9095,Elysée
9096,quelle
9097,est
9098,la
9099,manière
9100,dont
9101,vous
9102,géreriez
9103,trois
9104,crises
9105,qui
9106,marquent
9107,beaucoup
9108,la
9109,situation
9110,internationale
9111,actuelle
9112,qui
9113,sont
9114,à
9115,la
9116,fois
9117,la
9118,Bosnie
9119,avec
9120,un
9121,embrasement
9122,que
9123,l
9124,on
9125,ne
9126,contrôle
9127,plus
9128,la
9129,Tchétchénie
9130,et
9131,l
9132,Algérie
9133,.
9134,C
9135,est
9136,à
9137,Jospin
9138,de
9139,commencer
9140,puisqu
9141,il
9142,a
9143,un
9144,léger
9145,retard
9146,dans
9147,le
9148,temps
9149,.
9150,En
9151,ce
9152,qui
9153,concerne
9154,la
9155,Tchétchénie
9156,je
9157,trouve
9158,que
9159,nous
9160,avons
9161,fait
9162,preuve
9163,d
9164,une
9165,singulière
9166,timidité
9167,et
9168,je
9169,dirai
9170,même
9171,d
9172,une
9173,singulière
9174,complaisance
9175,à
9176,l
9177,égard
9178,de
9179,la
9180,Russie
9181,et
9182,de
9183,Boris
9184,Eltsine
9185,sur
9186,la
9187,base
9188,d
9189,un
9190,raisonnement
9191,surtout
9192,développé
9193,par
9194,les
9195,Américains
9196,qui
9197,ont
9198,pesé
9199,beaucoup
9200,dans
9201,cette
9202,affaire
9203,et
9204,qui
9205,consiste
9206,à
9207,penser
9208,que
9209,c
9210,est
9211,en
9212,passant
9213,par
9214,pertes
9215,et
9216,profits
9217,l
9218,écrasement
9219,des
9220,Tchétchènes
9221,que
9222,l
9223,on
9224,va
9225,consolider
9226,soit
9227,la
9228,démocratie
9229,soit
9230,la
9231,place
9232,de
9233,Eltsine
9234,en
9235,Russie
9236,.
9237,Je
9238,crois
9239,au
9240,contraire
9241,qu
9242,en
9243,faisant
9244,cela
9245,nous
9246,fragilisons
9247,les
9248,chances
9249,de
9250,la
9251,démocratie
9252,en
9253,Russie
9254,.
9255,Dernier
9256,point
9257,la
9258,Bosnie
9259,.
9260,Sur
9261,la
9262,Bosnie
9263,je
9264,ne
9265,sais
9266,pas
9267,comment
9268,répondre
9269,en
9270,secondes
9271,.
9272,.
9273,.
9274,DURAND
9275,.
9276,.
9277,.
9278,.
9279,mais
9280,personne
9281,ne
9282,vous
9283,demande
9284,de
9285,répondre
9286,en
9287,secondes
9288,.
9289,Ah
9290,très
9291,bien
9292,Je
9293,dirai
9294,que
9295,je
9296,suis
9297,très
9298,inquiet
9299,à
9300,la
9301,fois
9302,de
9303,la
9304,fin
9305,du
9306,cessez-le-feu
9307,à
9308,Sarajevo
9309,et
9310,en
9311,Bosnie
9312,de
9313,la
9314,reprise
9315,de
9316,l
9317,activité
9318,militaire
9319,de
9320,la
9321,part
9322,des
9323,Croates
9324,en
9325,Krajina
9326,occupée
9327,par
9328,les
9329,Serbes
9330,.
9331,.
9332,.
9333,Que
9334,préconisez-vous
9335,de
9336,la
9337,part
9338,de
9339,la
9340,France
9341,La
9342,France
9343,ne
9344,peut
9345,pas
9346,agir
9347,seule
9348,elle
9349,doit
9350,agir
9351,avec
9352,les
9353,autres
9354,membres
9355,de
9356,la
9357,communauté
9358,internationale
9359,.
9360,Moi
9361,je
9362,préconiserais
9363,dans
9364,cette
9365,affaire
9366,sur
9367,la
9368,base
9369,du
9370,plan
9371,de
9372,paix
9373,si
9374,l
9375,on
9376,croit
9377,encore
9378,que
9379,le
9380,plan
9381,de
9382,paix
9383,du
9384,groupe
9385,de
9386,contact
9387,peut
9388,déboucher
9389,alors
9390,il
9391,faut
9392,y
9393,mettre
9394,les
9395,atouts
9396,de
9397,la
9398,fermeté
9399,d
9400,une
9401,fermeté
9402,plus
9403,grande
9404,.
9405,Sinon
9406,on
9407,ne
9408,débouchera
9409,jamais
9410,.
9411,Et
9412,l
9413,autre
9414,terme
9415,de
9416,l
9417,alternative
9418,à
9419,un
9420,moment
9421,ou
9422,à
9423,un
9424,autre
9425,et
9426,d
9427,ailleurs
9428,le
9429,gouvernement
9430,l
9431,a
9432,évoqué
9433,Léotard
9434,et
9435,d
9436,autres
9437,sera
9438,le
9439,retrait
9440,de
9441,notre
9442,contingent
9443,qui
9444,posera
9445,de
9446,grands
9447,problèmes
9448,et
9449,aussi
9450,la
9451,levée
9452,de
9453,l
9454,embargo
9455,.
9456,Alors
9457,Chirac
9458,justement
9459,sur
9460,la
9461,gestion
9462,de
9463,ces
9464,trois
9465,crises
9466,Sur
9467,la
9468,Tchétchénie
9469,je
9470,partage
9471,le
9472,sentiment
9473,de
9474,Jospin
9475,.
9476,J
9477,ai
9478,d
9479,ailleurs
9480,eu
9481,l
9482,occasion
9483,de
9484,le
9485,dire
9486,très
9487,clairement
9488,au
9489,Premier
9490,Ministre
9491,et
9492,au
9493,Président
9494,russe
9495,.
9496,Mais
9497,c
9498,est
9499,une
9500,très
9501,vieille
9502,affaire
9503,.
9504,Chirac
9505,Jospin
9506,c
9507,est
9508,donc
9509,maintenant
9510,le
9511,moment
9512,de
9513,conclure
9514,qui
9515,est
9516,venu
9517,pour
9518,l
9519,un
9520,comme
9521,pour
9522,l
9523,autre
9524,et
9525,chacun
9526,avec
9527,trois
9528,minutes
9529,à
9530,votre
9531,disposition
9532,.
9533,C
9534,est
9535,un
9536,débat
9537,intéressant
9538,.
9539,On
9540,aurait
9541,voulu
9542,qu
9543,il
9544,durât
9545,beaucoup
9546,plus
9547,longtemps
9548,parce
9549,qu
9550,il
9551,y
9552,a
9553,beaucoup
9554,de
9555,choses
9556,que
9557,l
9558,on
9559,n
9560,a
9561,pas
9562,évoquées
9563,.
9564,Jospin
9565,Après
9566,m
9567,être
9568,aussi
9569,réjoui
9570,de
9571,ce
9572,débat
9573,je
9574,voudrais
9575,dire
9576,à
9577,ceux
9578,qui
9579,m
9580,écoutent
9581,mais
9582,ils
9583,le
9584,savent
9585,que
9586,pendant
9587,cette
9588,campagne
9589,au
9590,premier
9591,tour
9592,comme
9593,au
9594,second
9595,tour
9596,je
9597,me
9598,suis
9599,efforcé
9600,de
9601,les
9602,traiter
9603,avec
9604,respect
9605,.
9606,Je
9607,n
9608,ai
9609,polémiqué
9610,avec
9611,personne
9612,.
9613,Je
9614,n
9615,ai
9616,négligé
9617,personne
9618,.
9619,Mais
9620,j
9621,ai
9622,proposé
9623,un
9624,projet
9625,.
9626,J
9627,ai
9628,fait
9629,mes
9630,propositions
9631,pour
9632,la
9633,France
9634,.
9635,J
9636,ai
9637,dit
9638,aussi
9639,ma
9640,conception
9641,de
9642,la
9643,Présidence
9644,de
9645,la
9646,République
9647,dans
9648,un
9649,pays
9650,qui
9651,doit
9652,être
9653,maintenant
9654,tourné
9655,vers
9656,l
9657,avenir
9658,et
9659,tourné
9660,vers
9661,la
9662,modernité
9663,.
9664,On
9665,ne
9666,doit
9667,pas
9668,aborder
9669,les
9670,problèmes
9671,avec
9672,le
9673,regard
9674,trop
9675,souvent
9676,tourné
9677,vers
9678,le
9679,passé
9680,.
9681,Chirac
9682,Jospin
9683,cette
9684,émission
9685,va
9686,s
9687,achever
9688,.
9689,Bien
9690,entendu
9691,nous
9692,n
9693,avons
9694,pas
9695,traité
9696,tous
9697,les
9698,sujets
9699,encore
9700,que
9701,je
9702,crois
9703,que
9704,cette
9705,émission
9706,ait
9707,été
9708,la
9709,plus
9710,longue
9711,du
9712,genre
9713,.
9714,Je
9715,pense
9716,que
9717,vous
9718,avez
9719,pu
9720,vous
9721,exprimer
9722,librement
9723,l
9724,un
9725,et
9726,l
9727,autre
9728,équitablement
9729,et
9730,avec
9731,respect
9732,et
9733,considération
9734,l
9735,un
9736,pour
9737,l
9738,autre
9739,et
9740,pour
9741,les
9742,Français
9743,qui
9744,vous
9745,écoutaient
9746,.
9747,Bonsoir
9748,.
